Workbook

Sheet Metrics
A1: Cedar Valley Tech — AEO Reporting Data Layer (SYNTHETIC SAMPLE DATA)
A2: One row per metric, one column per month. Enter values in the month columns only — the Deltas tab calculates every MoM and YTD change automatically.
A3: LEGEND: yellow = you fill this each month · red = backfilled from a prior deck but internally contradictory, verify in Semrush before citing · white = already verified
A5: Metric | B5: Δ Type | C5: Semrush AIO source | D5: Notes / definition | E5: Jan-26 | F5: Feb-26 | G5: Mar-26 | H5: Apr-26 | I5: May-26 | J5: Jun-26 | K5: Jul-26 | L5: Aug-26 | M5: Sep-26 | N5: Oct-26 | O5: Nov-26 | P5: Dec-26
A6: VISIBILITY OVERVIEW (all topics — not tracked prompts)
A7: AI Visibility score | B7: pp | C7: AI Visibility > Visibility Overview | D7: Semrush proprietary 0-100 composite. NOT a percentage. July = 34 on Country=US (the Worldwide pull returned 22 and admitted non-US markets). Mar and May both reported 39. | G7: 39 | I7: 39 | K7: 34
A8: Share of Voice — overall | B8: pp | C8: Prompt Tracking > Overview | D8: Brand's share of all brand mentions in the topic set. | G8: 0.58
A9: Source Visibility — overall | B9: pp | C9: Prompt Tracking > Overview | D9: Share of responses citing a brand URL as a source. | G9: 0.51
A10: Mentions — total (all topics) | B10: pct | C10: AI Visibility > Visibility Overview | D10: Trend on Visibility Overview: ~920 Mar, peak ~980 Apr, ~550 by Jul, flat since. Absolute mentions are down ~40% from the April peak while the composite score fell only 5 points — competitors are falling too. | K10: 612
A11: Monthly Audience | B11: pct | C11: AI Visibility > Visibility Overview | D11: Total search volume of topics where brand is mentioned. | K11: 14200000
A12: Cited Pages | B12: pct | C12: AI Visibility > Visibility Overview | D12: Count of distinct brand URLs referenced in LLM answers. | K12: 388
A13: Negative sentiment (mentions) | B13: pp | C13: Prompt Tracking > Concepts and Sentiment | D13: NEW — shipped in Enterprise AIO 5/7/26. Not in any prior report. Add this month.
A14: reddit.com source visibility | B14: pct | C14: Prompt Tracking > Sources | D14: NEW — shipped in Enterprise AIO 5/7/26. High signal for college-choice queries.
A15: TRACKED PROMPTS (the managed prompt set)
A16: Prompts tracked (count) | B16: abs | C16: Prompt Tracking > Rankings | D16: CONTRADICTION: June+May headline slides say 25; May appendix tables list 68; March says 34. Resolve. | G16: 34 | I16: 25 | J16: 25
A17: Models tracked (count) | B17: abs | C17: Prompt Tracking > Overview > Performance by Model | D17: March: ChatGPT / Google AIO / Perplexity. June: 3 models, composition unconfirmed. | G17: 3 | J17: 3
A18: Share of Voice — tracked | B18: pp | C18: Prompt Tracking > Overview | D18: June deck states +4pp vs May but gives no absolute value. Pull both.
A19: Brand Visibility — tracked | B19: pp | C19: Prompt Tracking > Overview | D19: June deck states +3pp vs May but gives no absolute value. Pull both.
A20: Avg. position — tracked | B20: abs | C20: Prompt Tracking > Rankings | D20: LOWER IS BETTER. Never write 'up' for an improvement here — June deck did. | I20: 1.6 | J20: 1.4
A21: Responses w/ brand mention | B21: pct | C21: Prompt Tracking > Overview > Mentions | D21: June deck states +22% vs May, no absolute. Pull both.
A22: Total mentions | B22: pct | C22: Prompt Tracking > Overview | D22: Flagged in June deck as a new metric to start tracking.
A23: Total responses | B23: pct | C23: Prompt Tracking > Overview | D23: Flagged in June deck as a new metric to start tracking.
A24: TRAFFIC (GA4 / AI Traffic dashboard)
A25: LLM traffic — total visits | B25: pct | C25: GA4 (LLM source segment) | D25: Traffic Analysis > AI Referral Traffic (GA). Semrush has the GA connection built in — no manual GA4 segment needed. July 1,046, +17% vs June. | I25: 701 | J25: 894 | K25: 1046
A26: ChatGPT visits | B26: pct | C26: GA4 (LLM source segment) | D26: Traffic by Model. ChatGPT is 94% of all AI referral traffic; Gemini, Perplexity, Copilot and Claude are rounding errors. | I26: 655 | J26: 842 | K26: 983
A27: All other LLM visits | B27: pct | C27: Calculated | D27: Total minus ChatGPT. Perplexity/Copilot/Claude dropped from traffic tracking as of May. | E27: =IFERROR(IF(OR(E25="",E26=""),"",E25-E26),"") | F27: =IFERROR(IF(OR(F25="",F26=""),"",F25-F26),"") | G27: =IFERROR(IF(OR(G25="",G26=""),"",G25-G26),"") | H27: =IFERROR(IF(OR(H25="",H26=""),"",H25-H26),"") | I27: =IFERROR(IF(OR(I25="",I26=""),"",I25-I26),"") | J27: =IFERROR(IF(OR(J25="",J26=""),"",J25-J26),"") | K27: =IFERROR(IF(OR(K25="",K26=""),"",K25-K26),"") | L27: =IFERROR(IF(OR(L25="",L26=""),"",L25-L26),"") | ... P27: =IFERROR(IF(OR(P25="",P26=""),"",P25-P26),"")
A28: Conversions | B28: pct | C28: GA4 key events — see note | D28: BROKEN METRIC — do not present as applications. On the Landing Page Performance table, /apply/apply-now/ shows 26 AI sessions and 47 AI conversions. More conversions than sessions means the event fires repeatedly per session. Answers the agency contact's 7/22 question. | I28: 31 | J28: 84 | K28: 158
A29: Conversion rate | B29: pp | C29: Calculated | D29: Conversions ÷ total LLM visits. | E29: =IFERROR(E28/E25,"") | F29: =IFERROR(F28/F25,"") | G29: =IFERROR(G28/G25,"") | H29: =IFERROR(H28/H25,"") | I29: =IFERROR(I28/I25,"") | J29: =IFERROR(J28/J25,"") | K29: =IFERROR(K28/K25,"") | L29: =IFERROR(L28/L25,"") | ... P29: =IFERROR(P28/P25,"")
A30: Bounce rate | B30: pp | C30: GA4 (LLM source segment) | D30: July 28%, down 12% vs June. DOWN is good — the June deck grouped a rising bounce rate under 'all metrics pointing up'. | I30: 0.32 | J30: 0.318 | K30: 0.28
A32: Sources: prior Cedar Valley Tech AEO decks Mar/May/Jun '26; Semrush KB 'AI Visibility Features'; Semrush product releases 5/7/26 and 5/14/26.
A34: BY MODEL — Prompt Tracking > Overview > Performance by Model
A35: Gemini — Share of Voice | B35: pp | C35: Prompt Tracking > Overview | D35: July = first month captured at model level. | K35: 0.84
A36: Gemini — Visibility | B36: pp | C36: Prompt Tracking > Overview | D36: July = first month captured at model level. | K36: 0.95
A37: Gemini — Mentions | B37: pct | C37: Prompt Tracking > Overview | D37: July = first month captured at model level. | K37: 738
A38: ChatGPT — Share of Voice | B38: pp | C38: Prompt Tracking > Overview | D38: July = first month captured at model level. | K38: 0.73
A39: ChatGPT — Visibility | B39: pp | C39: Prompt Tracking > Overview | D39: July = first month captured at model level. | K39: 0.83
A40: ChatGPT — Mentions | B40: pct | C40: Prompt Tracking > Overview | D40: July = first month captured at model level. | K40: 652
A41: Google AI Overview — Share of Voice | B41: pp | C41: Prompt Tracking > Overview | D41: July = first month captured at model level. | K41: 0.61
A42: Google AI Overview — Visibility | B42: pp | C42: Prompt Tracking > Overview | D42: July = first month captured at model level. | K42: 0.7
A43: Google AI Overview — Mentions | B43: pct | C43: Prompt Tracking > Overview | D43: July = first month captured at model level. | K43: 478
A45: CHATGPT DETAIL — Prompt Tracking > Overview (ChatGPT filter, Jul 1-31)
A46: Brand mentioned (responses) | B46: pct | C46: Prompt Tracking > Overview | K46: 652
A47: Brand NOT mentioned | B47: pct | C47: Prompt Tracking > Overview | K47: 123
A48: Domain cited (responses) | B48: pct | C48: Prompt Tracking > Overview | K48: 471
A49: Domain NOT cited | B49: pct | C49: Prompt Tracking > Overview | K49: 281
A50: Share of Voice (ChatGPT) | B50: pp | C50: Prompt Tracking > Overview | K50: 0.73
A51: Brand Visibility (ChatGPT) | B51: pp | C51: Prompt Tracking > Overview | K51: 0.83
A52: Source Visibility (ChatGPT) | B52: pp | C52: Prompt Tracking > Overview | K52: 0.63
A54: All July figures read off the 8/2 screenshots, NOT the PDF export — the PDF returned a trailing-30-day window (Jul 4 - Aug 2), not the July calendar month.
A56: ALL-TOPIC MENTIONS BY MODEL — AI Visibility > Visibility Overview (US)
A57: All-topic mentions — AI Overview | B57: pct | C57: AI Visibility > Visibility Overview | D57: Note the inversion vs tracked prompts: AI Overview leads the all-topic set, ChatGPT is last. In Prompt Tracking, Gemini leads. Different universes — say which one you mean. | K57: 251
A58: All-topic mentions — Gemini | B58: pct | C58: AI Visibility > Visibility Overview | D58: Note the inversion vs tracked prompts: AI Overview leads the all-topic set, ChatGPT is last. In Prompt Tracking, Gemini leads. Different universes — say which one you mean. | K58: 128
A59: All-topic mentions — AI Mode | B59: pct | C59: AI Visibility > Visibility Overview | D59: Note the inversion vs tracked prompts: AI Overview leads the all-topic set, ChatGPT is last. In Prompt Tracking, Gemini leads. Different universes — say which one you mean. | K59: 88
A60: All-topic mentions — ChatGPT | B60: pct | C60: AI Visibility > Visibility Overview | D60: Note the inversion vs tracked prompts: AI Overview leads the all-topic set, ChatGPT is last. In Prompt Tracking, Gemini leads. Different universes — say which one you mean. | K60: 83
A61: All-topic mentions — All Models (sum) | B61: pct | C61: AI Visibility > Visibility Overview | D61: Note the inversion vs tracked prompts: AI Overview leads the all-topic set, ChatGPT is last. In Prompt Tracking, Gemini leads. Different universes — say which one you mean. | K61: 550
A63: Blue cells = derived from a stated percentage change, not read directly. July traffic 1,046 at +17% implies June 894; conversions 158 at +88% implies June 84; bounce 28% at -12% implies June 31.8%.

Sheet Deltas
A1: Auto-calculated changes — do not type in this sheet
A2: MoM = change vs. prior month. YTD = change vs. the earliest month with data. 'pp' metrics show percentage-point change; 'pct' metrics show percent change; 'abs' metrics show absolute change.
A3: The agency contact asked for YTD alongside MoM (comment, 7/22/26). That is the YTD column.
A5: Metric | B5: Δ Type | C5: Feb-26 MoM | D5: Mar-26 MoM | E5: Apr-26 MoM | F5: May-26 MoM | G5: Jun-26 MoM | H5: Jul-26 MoM | I5: Aug-26 MoM | J5: Sep-26 MoM | K5: Oct-26 MoM | L5: Nov-26 MoM | M5: Dec-26 MoM | N5: YTD
A6: VISIBILITY OVERVIEW (all topics — not tracked prompts)
A7: AI Visibility score | B7: pp | C7: =IFERROR(IF(OR(Metrics!F7="",Metrics!E7=""),"",Metrics!F7-Metrics!E7),"") | D7: =IFERROR(IF(OR(Metrics!G7="",Metrics!F7=""),"",Metrics!G7-Metrics!F7),"") | E7: =IFERROR(IF(OR(Metrics!H7="",Metrics!G7=""),"",Metrics!H7-Metrics!G7),"") | F7: =IFERROR(IF(OR(Metrics!I7="",Metrics!H7=""),"",Metrics!I7-Metrics!H7),"") | G7: =IFERROR(IF(OR(Metrics!J7="",Metrics!I7=""),"",Metrics!J7-Metrics!I7),"") | H7: =IFERROR(IF(OR(Metrics!K7="",Metrics!J7=""),"",Metrics!K7-Metrics!J7),"") | I7: =IFERROR(IF(OR(Metrics!L7="",Metrics!K7=""),"",Metrics!L7-Metrics!K7),"") | J7: =IFERROR(IF(OR(Metrics!M7="",Metrics!L7=""),"",Metrics!M7-Metrics!L7),"") | ... M7: =IFERROR(IF(OR(Metrics!P7="",Metrics!O7=""),"",Metrics!P7-Metrics!O7),"") | N7: =IFERROR(INDEX(Metrics!$E$7:$P$7,MATCH(9.99E+307,Metrics!$E$7:$P$7))-INDEX(Metrics!$E$7:$P$7,MATCH(TRUE(),INDEX(Metrics!$E$7:$P$7<>"",0),0)),"")
A8: Share of Voice — overall | B8: pp | C8: =IFERROR(IF(OR(Metrics!F8="",Metrics!E8=""),"",Metrics!F8-Metrics!E8),"") | D8: =IFERROR(IF(OR(Metrics!G8="",Metrics!F8=""),"",Metrics!G8-Metrics!F8),"") | E8: =IFERROR(IF(OR(Metrics!H8="",Metrics!G8=""),"",Metrics!H8-Metrics!G8),"") | F8: =IFERROR(IF(OR(Metrics!I8="",Metrics!H8=""),"",Metrics!I8-Metrics!H8),"") | G8: =IFERROR(IF(OR(Metrics!J8="",Metrics!I8=""),"",Metrics!J8-Metrics!I8),"") | H8: =IFERROR(IF(OR(Metrics!K8="",Metrics!J8=""),"",Metrics!K8-Metrics!J8),"") | I8: =IFERROR(IF(OR(Metrics!L8="",Metrics!K8=""),"",Metrics!L8-Metrics!K8),"") | J8: =IFERROR(IF(OR(Metrics!M8="",Metrics!L8=""),"",Metrics!M8-Metrics!L8),"") | ... M8: =IFERROR(IF(OR(Metrics!P8="",Metrics!O8=""),"",Metrics!P8-Metrics!O8),"") | N8: =IFERROR(INDEX(Metrics!$E$8:$P$8,MATCH(9.99E+307,Metrics!$E$8:$P$8))-INDEX(Metrics!$E$8:$P$8,MATCH(TRUE(),INDEX(Metrics!$E$8:$P$8<>"",0),0)),"")
A9: Source Visibility — overall | B9: pp | C9: =IFERROR(IF(OR(Metrics!F9="",Metrics!E9=""),"",Metrics!F9-Metrics!E9),"") | D9: =IFERROR(IF(OR(Metrics!G9="",Metrics!F9=""),"",Metrics!G9-Metrics!F9),"") | E9: =IFERROR(IF(OR(Metrics!H9="",Metrics!G9=""),"",Metrics!H9-Metrics!G9),"") | F9: =IFERROR(IF(OR(Metrics!I9="",Metrics!H9=""),"",Metrics!I9-Metrics!H9),"") | G9: =IFERROR(IF(OR(Metrics!J9="",Metrics!I9=""),"",Metrics!J9-Metrics!I9),"") | H9: =IFERROR(IF(OR(Metrics!K9="",Metrics!J9=""),"",Metrics!K9-Metrics!J9),"") | I9: =IFERROR(IF(OR(Metrics!L9="",Metrics!K9=""),"",Metrics!L9-Metrics!K9),"") | J9: =IFERROR(IF(OR(Metrics!M9="",Metrics!L9=""),"",Metrics!M9-Metrics!L9),"") | ... M9: =IFERROR(IF(OR(Metrics!P9="",Metrics!O9=""),"",Metrics!P9-Metrics!O9),"") | N9: =IFERROR(INDEX(Metrics!$E$9:$P$9,MATCH(9.99E+307,Metrics!$E$9:$P$9))-INDEX(Metrics!$E$9:$P$9,MATCH(TRUE(),INDEX(Metrics!$E$9:$P$9<>"",0),0)),"")
A10: Brand Mentions — total | B10: pct | C10: =IFERROR(IF(OR(Metrics!F10="",Metrics!E10="",Metrics!E10=0),"",Metrics!F10/Metrics!E10-1),"") | D10: =IFERROR(IF(OR(Metrics!G10="",Metrics!F10="",Metrics!F10=0),"",Metrics!G10/Metrics!F10-1),"") | E10: =IFERROR(IF(OR(Metrics!H10="",Metrics!G10="",Metrics!G10=0),"",Metrics!H10/Metrics!G10-1),"") | F10: =IFERROR(IF(OR(Metrics!I10="",Metrics!H10="",Metrics!H10=0),"",Metrics!I10/Metrics!H10-1),"") | G10: =IFERROR(IF(OR(Metrics!J10="",Metrics!I10="",Metrics!I10=0),"",Metrics!J10/Metrics!I10-1),"") | H10: =IFERROR(IF(OR(Metrics!K10="",Metrics!J10="",Metrics!J10=0),"",Metrics!K10/Metrics!J10-1),"") | I10: =IFERROR(IF(OR(Metrics!L10="",Metrics!K10="",Metrics!K10=0),"",Metrics!L10/Metrics!K10-1),"") | J10: =IFERROR(IF(OR(Metrics!M10="",Metrics!L10="",Metrics!L10=0),"",Metrics!M10/Metrics!L10-1),"") | ... M10: =IFERROR(IF(OR(Metrics!P10="",Metrics!O10="",Metrics!O10=0),"",Metrics!P10/Metrics!O10-1),"") | N10: =IFERROR(IF(INDEX(Metrics!$E$10:$P$10,MATCH(TRUE(),INDEX(Metrics!$E$10:$P$10<>"",0),0))=0,"",INDEX(Metrics!$E$10:$P$10,MATCH(9.99E+307,Metrics!$E$10:$P$10))/INDEX(Metrics!$E$10:$P$10,MATCH(TRUE(),INDEX(Metrics!$E$10:$P$10<>"",0),0))-1),"")
A11: Monthly Audience | B11: pct | C11: =IFERROR(IF(OR(Metrics!F11="",Metrics!E11="",Metrics!E11=0),"",Metrics!F11/Metrics!E11-1),"") | D11: =IFERROR(IF(OR(Metrics!G11="",Metrics!F11="",Metrics!F11=0),"",Metrics!G11/Metrics!F11-1),"") | E11: =IFERROR(IF(OR(Metrics!H11="",Metrics!G11="",Metrics!G11=0),"",Metrics!H11/Metrics!G11-1),"") | F11: =IFERROR(IF(OR(Metrics!I11="",Metrics!H11="",Metrics!H11=0),"",Metrics!I11/Metrics!H11-1),"") | G11: =IFERROR(IF(OR(Metrics!J11="",Metrics!I11="",Metrics!I11=0),"",Metrics!J11/Metrics!I11-1),"") | H11: =IFERROR(IF(OR(Metrics!K11="",Metrics!J11="",Metrics!J11=0),"",Metrics!K11/Metrics!J11-1),"") | I11: =IFERROR(IF(OR(Metrics!L11="",Metrics!K11="",Metrics!K11=0),"",Metrics!L11/Metrics!K11-1),"") | J11: =IFERROR(IF(OR(Metrics!M11="",Metrics!L11="",Metrics!L11=0),"",Metrics!M11/Metrics!L11-1),"") | ... M11: =IFERROR(IF(OR(Metrics!P11="",Metrics!O11="",Metrics!O11=0),"",Metrics!P11/Metrics!O11-1),"") | N11: =IFERROR(IF(INDEX(Metrics!$E$11:$P$11,MATCH(TRUE(),INDEX(Metrics!$E$11:$P$11<>"",0),0))=0,"",INDEX(Metrics!$E$11:$P$11,MATCH(9.99E+307,Metrics!$E$11:$P$11))/INDEX(Metrics!$E$11:$P$11,MATCH(TRUE(),INDEX(Metrics!$E$11:$P$11<>"",0),0))-1),"")
A12: Cited Pages | B12: pct | C12: =IFERROR(IF(OR(Metrics!F12="",Metrics!E12="",Metrics!E12=0),"",Metrics!F12/Metrics!E12-1),"") | D12: =IFERROR(IF(OR(Metrics!G12="",Metrics!F12="",Metrics!F12=0),"",Metrics!G12/Metrics!F12-1),"") | E12: =IFERROR(IF(OR(Metrics!H12="",Metrics!G12="",Metrics!G12=0),"",Metrics!H12/Metrics!G12-1),"") | F12: =IFERROR(IF(OR(Metrics!I12="",Metrics!H12="",Metrics!H12=0),"",Metrics!I12/Metrics!H12-1),"") | G12: =IFERROR(IF(OR(Metrics!J12="",Metrics!I12="",Metrics!I12=0),"",Metrics!J12/Metrics!I12-1),"") | H12: =IFERROR(IF(OR(Metrics!K12="",Metrics!J12="",Metrics!J12=0),"",Metrics!K12/Metrics!J12-1),"") | I12: =IFERROR(IF(OR(Metrics!L12="",Metrics!K12="",Metrics!K12=0),"",Metrics!L12/Metrics!K12-1),"") | J12: =IFERROR(IF(OR(Metrics!M12="",Metrics!L12="",Metrics!L12=0),"",Metrics!M12/Metrics!L12-1),"") | ... M12: =IFERROR(IF(OR(Metrics!P12="",Metrics!O12="",Metrics!O12=0),"",Metrics!P12/Metrics!O12-1),"") | N12: =IFERROR(IF(INDEX(Metrics!$E$12:$P$12,MATCH(TRUE(),INDEX(Metrics!$E$12:$P$12<>"",0),0))=0,"",INDEX(Metrics!$E$12:$P$12,MATCH(9.99E+307,Metrics!$E$12:$P$12))/INDEX(Metrics!$E$12:$P$12,MATCH(TRUE(),INDEX(Metrics!$E$12:$P$12<>"",0),0))-1),"")
A13: Negative Sentiment % | B13: pp | C13: =IFERROR(IF(OR(Metrics!F13="",Metrics!E13=""),"",Metrics!F13-Metrics!E13),"") | D13: =IFERROR(IF(OR(Metrics!G13="",Metrics!F13=""),"",Metrics!G13-Metrics!F13),"") | E13: =IFERROR(IF(OR(Metrics!H13="",Metrics!G13=""),"",Metrics!H13-Metrics!G13),"") | F13: =IFERROR(IF(OR(Metrics!I13="",Metrics!H13=""),"",Metrics!I13-Metrics!H13),"") | G13: =IFERROR(IF(OR(Metrics!J13="",Metrics!I13=""),"",Metrics!J13-Metrics!I13),"") | H13: =IFERROR(IF(OR(Metrics!K13="",Metrics!J13=""),"",Metrics!K13-Metrics!J13),"") | I13: =IFERROR(IF(OR(Metrics!L13="",Metrics!K13=""),"",Metrics!L13-Metrics!K13),"") | J13: =IFERROR(IF(OR(Metrics!M13="",Metrics!L13=""),"",Metrics!M13-Metrics!L13),"") | ... M13: =IFERROR(IF(OR(Metrics!P13="",Metrics!O13=""),"",Metrics!P13-Metrics!O13),"") | N13: =IFERROR(INDEX(Metrics!$E$13:$P$13,MATCH(9.99E+307,Metrics!$E$13:$P$13))-INDEX(Metrics!$E$13:$P$13,MATCH(TRUE(),INDEX(Metrics!$E$13:$P$13<>"",0),0)),"")
A14: Reddit citations | B14: pct | C14: =IFERROR(IF(OR(Metrics!F14="",Metrics!E14="",Metrics!E14=0),"",Metrics!F14/Metrics!E14-1),"") | D14: =IFERROR(IF(OR(Metrics!G14="",Metrics!F14="",Metrics!F14=0),"",Metrics!G14/Metrics!F14-1),"") | E14: =IFERROR(IF(OR(Metrics!H14="",Metrics!G14="",Metrics!G14=0),"",Metrics!H14/Metrics!G14-1),"") | F14: =IFERROR(IF(OR(Metrics!I14="",Metrics!H14="",Metrics!H14=0),"",Metrics!I14/Metrics!H14-1),"") | G14: =IFERROR(IF(OR(Metrics!J14="",Metrics!I14="",Metrics!I14=0),"",Metrics!J14/Metrics!I14-1),"") | H14: =IFERROR(IF(OR(Metrics!K14="",Metrics!J14="",Metrics!J14=0),"",Metrics!K14/Metrics!J14-1),"") | I14: =IFERROR(IF(OR(Metrics!L14="",Metrics!K14="",Metrics!K14=0),"",Metrics!L14/Metrics!K14-1),"") | J14: =IFERROR(IF(OR(Metrics!M14="",Metrics!L14="",Metrics!L14=0),"",Metrics!M14/Metrics!L14-1),"") | ... M14: =IFERROR(IF(OR(Metrics!P14="",Metrics!O14="",Metrics!O14=0),"",Metrics!P14/Metrics!O14-1),"") | N14: =IFERROR(IF(INDEX(Metrics!$E$14:$P$14,MATCH(TRUE(),INDEX(Metrics!$E$14:$P$14<>"",0),0))=0,"",INDEX(Metrics!$E$14:$P$14,MATCH(9.99E+307,Metrics!$E$14:$P$14))/INDEX(Metrics!$E$14:$P$14,MATCH(TRUE(),INDEX(Metrics!$E$14:$P$14<>"",0),0))-1),"")
A15: TRACKED PROMPTS (the managed prompt set)
A16: Prompts tracked (count) | B16: abs | C16: =IFERROR(IF(OR(Metrics!F16="",Metrics!E16=""),"",Metrics!F16-Metrics!E16),"") | D16: =IFERROR(IF(OR(Metrics!G16="",Metrics!F16=""),"",Metrics!G16-Metrics!F16),"") | E16: =IFERROR(IF(OR(Metrics!H16="",Metrics!G16=""),"",Metrics!H16-Metrics!G16),"") | F16: =IFERROR(IF(OR(Metrics!I16="",Metrics!H16=""),"",Metrics!I16-Metrics!H16),"") | G16: =IFERROR(IF(OR(Metrics!J16="",Metrics!I16=""),"",Metrics!J16-Metrics!I16),"") | H16: =IFERROR(IF(OR(Metrics!K16="",Metrics!J16=""),"",Metrics!K16-Metrics!J16),"") | I16: =IFERROR(IF(OR(Metrics!L16="",Metrics!K16=""),"",Metrics!L16-Metrics!K16),"") | J16: =IFERROR(IF(OR(Metrics!M16="",Metrics!L16=""),"",Metrics!M16-Metrics!L16),"") | ... M16: =IFERROR(IF(OR(Metrics!P16="",Metrics!O16=""),"",Metrics!P16-Metrics!O16),"") | N16: =IFERROR(INDEX(Metrics!$E$16:$P$16,MATCH(9.99E+307,Metrics!$E$16:$P$16))-INDEX(Metrics!$E$16:$P$16,MATCH(TRUE(),INDEX(Metrics!$E$16:$P$16<>"",0),0)),"")
A17: Models tracked (count) | B17: abs | C17: =IFERROR(IF(OR(Metrics!F17="",Metrics!E17=""),"",Metrics!F17-Metrics!E17),"") | D17: =IFERROR(IF(OR(Metrics!G17="",Metrics!F17=""),"",Metrics!G17-Metrics!F17),"") | E17: =IFERROR(IF(OR(Metrics!H17="",Metrics!G17=""),"",Metrics!H17-Metrics!G17),"") | F17: =IFERROR(IF(OR(Metrics!I17="",Metrics!H17=""),"",Metrics!I17-Metrics!H17),"") | G17: =IFERROR(IF(OR(Metrics!J17="",Metrics!I17=""),"",Metrics!J17-Metrics!I17),"") | H17: =IFERROR(IF(OR(Metrics!K17="",Metrics!J17=""),"",Metrics!K17-Metrics!J17),"") | I17: =IFERROR(IF(OR(Metrics!L17="",Metrics!K17=""),"",Metrics!L17-Metrics!K17),"") | J17: =IFERROR(IF(OR(Metrics!M17="",Metrics!L17=""),"",Metrics!M17-Metrics!L17),"") | ... M17: =IFERROR(IF(OR(Metrics!P17="",Metrics!O17=""),"",Metrics!P17-Metrics!O17),"") | N17: =IFERROR(INDEX(Metrics!$E$17:$P$17,MATCH(9.99E+307,Metrics!$E$17:$P$17))-INDEX(Metrics!$E$17:$P$17,MATCH(TRUE(),INDEX(Metrics!$E$17:$P$17<>"",0),0)),"")
A18: Share of Voice — tracked | B18: pp | C18: =IFERROR(IF(OR(Metrics!F18="",Metrics!E18=""),"",Metrics!F18-Metrics!E18),"") | D18: =IFERROR(IF(OR(Metrics!G18="",Metrics!F18=""),"",Metrics!G18-Metrics!F18),"") | E18: =IFERROR(IF(OR(Metrics!H18="",Metrics!G18=""),"",Metrics!H18-Metrics!G18),"") | F18: =IFERROR(IF(OR(Metrics!I18="",Metrics!H18=""),"",Metrics!I18-Metrics!H18),"") | G18: =IFERROR(IF(OR(Metrics!J18="",Metrics!I18=""),"",Metrics!J18-Metrics!I18),"") | H18: =IFERROR(IF(OR(Metrics!K18="",Metrics!J18=""),"",Metrics!K18-Metrics!J18),"") | I18: =IFERROR(IF(OR(Metrics!L18="",Metrics!K18=""),"",Metrics!L18-Metrics!K18),"") | J18: =IFERROR(IF(OR(Metrics!M18="",Metrics!L18=""),"",Metrics!M18-Metrics!L18),"") | ... M18: =IFERROR(IF(OR(Metrics!P18="",Metrics!O18=""),"",Metrics!P18-Metrics!O18),"") | N18: =IFERROR(INDEX(Metrics!$E$18:$P$18,MATCH(9.99E+307,Metrics!$E$18:$P$18))-INDEX(Metrics!$E$18:$P$18,MATCH(TRUE(),INDEX(Metrics!$E$18:$P$18<>"",0),0)),"")
A19: Brand Visibility — tracked | B19: pp | C19: =IFERROR(IF(OR(Metrics!F19="",Metrics!E19=""),"",Metrics!F19-Metrics!E19),"") | D19: =IFERROR(IF(OR(Metrics!G19="",Metrics!F19=""),"",Metrics!G19-Metrics!F19),"") | E19: =IFERROR(IF(OR(Metrics!H19="",Metrics!G19=""),"",Metrics!H19-Metrics!G19),"") | F19: =IFERROR(IF(OR(Metrics!I19="",Metrics!H19=""),"",Metrics!I19-Metrics!H19),"") | G19: =IFERROR(IF(OR(Metrics!J19="",Metrics!I19=""),"",Metrics!J19-Metrics!I19),"") | H19: =IFERROR(IF(OR(Metrics!K19="",Metrics!J19=""),"",Metrics!K19-Metrics!J19),"") | I19: =IFERROR(IF(OR(Metrics!L19="",Metrics!K19=""),"",Metrics!L19-Metrics!K19),"") | J19: =IFERROR(IF(OR(Metrics!M19="",Metrics!L19=""),"",Metrics!M19-Metrics!L19),"") | ... M19: =IFERROR(IF(OR(Metrics!P19="",Metrics!O19=""),"",Metrics!P19-Metrics!O19),"") | N19: =IFERROR(INDEX(Metrics!$E$19:$P$19,MATCH(9.99E+307,Metrics!$E$19:$P$19))-INDEX(Metrics!$E$19:$P$19,MATCH(TRUE(),INDEX(Metrics!$E$19:$P$19<>"",0),0)),"")
A20: Avg. position — tracked | B20: abs | C20: =IFERROR(IF(OR(Metrics!F20="",Metrics!E20=""),"",Metrics!F20-Metrics!E20),"") | D20: =IFERROR(IF(OR(Metrics!G20="",Metrics!F20=""),"",Metrics!G20-Metrics!F20),"") | E20: =IFERROR(IF(OR(Metrics!H20="",Metrics!G20=""),"",Metrics!H20-Metrics!G20),"") | F20: =IFERROR(IF(OR(Metrics!I20="",Metrics!H20=""),"",Metrics!I20-Metrics!H20),"") | G20: =IFERROR(IF(OR(Metrics!J20="",Metrics!I20=""),"",Metrics!J20-Metrics!I20),"") | H20: =IFERROR(IF(OR(Metrics!K20="",Metrics!J20=""),"",Metrics!K20-Metrics!J20),"") | I20: =IFERROR(IF(OR(Metrics!L20="",Metrics!K20=""),"",Metrics!L20-Metrics!K20),"") | J20: =IFERROR(IF(OR(Metrics!M20="",Metrics!L20=""),"",Metrics!M20-Metrics!L20),"") | ... M20: =IFERROR(IF(OR(Metrics!P20="",Metrics!O20=""),"",Metrics!P20-Metrics!O20),"") | N20: =IFERROR(INDEX(Metrics!$E$20:$P$20,MATCH(9.99E+307,Metrics!$E$20:$P$20))-INDEX(Metrics!$E$20:$P$20,MATCH(TRUE(),INDEX(Metrics!$E$20:$P$20<>"",0),0)),"")
A21: Responses w/ brand mention | B21: pct | C21: =IFERROR(IF(OR(Metrics!F21="",Metrics!E21="",Metrics!E21=0),"",Metrics!F21/Metrics!E21-1),"") | D21: =IFERROR(IF(OR(Metrics!G21="",Metrics!F21="",Metrics!F21=0),"",Metrics!G21/Metrics!F21-1),"") | E21: =IFERROR(IF(OR(Metrics!H21="",Metrics!G21="",Metrics!G21=0),"",Metrics!H21/Metrics!G21-1),"") | F21: =IFERROR(IF(OR(Metrics!I21="",Metrics!H21="",Metrics!H21=0),"",Metrics!I21/Metrics!H21-1),"") | G21: =IFERROR(IF(OR(Metrics!J21="",Metrics!I21="",Metrics!I21=0),"",Metrics!J21/Metrics!I21-1),"") | H21: =IFERROR(IF(OR(Metrics!K21="",Metrics!J21="",Metrics!J21=0),"",Metrics!K21/Metrics!J21-1),"") | I21: =IFERROR(IF(OR(Metrics!L21="",Metrics!K21="",Metrics!K21=0),"",Metrics!L21/Metrics!K21-1),"") | J21: =IFERROR(IF(OR(Metrics!M21="",Metrics!L21="",Metrics!L21=0),"",Metrics!M21/Metrics!L21-1),"") | ... M21: =IFERROR(IF(OR(Metrics!P21="",Metrics!O21="",Metrics!O21=0),"",Metrics!P21/Metrics!O21-1),"") | N21: =IFERROR(IF(INDEX(Metrics!$E$21:$P$21,MATCH(TRUE(),INDEX(Metrics!$E$21:$P$21<>"",0),0))=0,"",INDEX(Metrics!$E$21:$P$21,MATCH(9.99E+307,Metrics!$E$21:$P$21))/INDEX(Metrics!$E$21:$P$21,MATCH(TRUE(),INDEX(Metrics!$E$21:$P$21<>"",0),0))-1),"")
A22: Total mentions | B22: pct | C22: =IFERROR(IF(OR(Metrics!F22="",Metrics!E22="",Metrics!E22=0),"",Metrics!F22/Metrics!E22-1),"") | D22: =IFERROR(IF(OR(Metrics!G22="",Metrics!F22="",Metrics!F22=0),"",Metrics!G22/Metrics!F22-1),"") | E22: =IFERROR(IF(OR(Metrics!H22="",Metrics!G22="",Metrics!G22=0),"",Metrics!H22/Metrics!G22-1),"") | F22: =IFERROR(IF(OR(Metrics!I22="",Metrics!H22="",Metrics!H22=0),"",Metrics!I22/Metrics!H22-1),"") | G22: =IFERROR(IF(OR(Metrics!J22="",Metrics!I22="",Metrics!I22=0),"",Metrics!J22/Metrics!I22-1),"") | H22: =IFERROR(IF(OR(Metrics!K22="",Metrics!J22="",Metrics!J22=0),"",Metrics!K22/Metrics!J22-1),"") | I22: =IFERROR(IF(OR(Metrics!L22="",Metrics!K22="",Metrics!K22=0),"",Metrics!L22/Metrics!K22-1),"") | J22: =IFERROR(IF(OR(Metrics!M22="",Metrics!L22="",Metrics!L22=0),"",Metrics!M22/Metrics!L22-1),"") | ... M22: =IFERROR(IF(OR(Metrics!P22="",Metrics!O22="",Metrics!O22=0),"",Metrics!P22/Metrics!O22-1),"") | N22: =IFERROR(IF(INDEX(Metrics!$E$22:$P$22,MATCH(TRUE(),INDEX(Metrics!$E$22:$P$22<>"",0),0))=0,"",INDEX(Metrics!$E$22:$P$22,MATCH(9.99E+307,Metrics!$E$22:$P$22))/INDEX(Metrics!$E$22:$P$22,MATCH(TRUE(),INDEX(Metrics!$E$22:$P$22<>"",0),0))-1),"")
A23: Total responses | B23: pct | C23: =IFERROR(IF(OR(Metrics!F23="",Metrics!E23="",Metrics!E23=0),"",Metrics!F23/Metrics!E23-1),"") | D23: =IFERROR(IF(OR(Metrics!G23="",Metrics!F23="",Metrics!F23=0),"",Metrics!G23/Metrics!F23-1),"") | E23: =IFERROR(IF(OR(Metrics!H23="",Metrics!G23="",Metrics!G23=0),"",Metrics!H23/Metrics!G23-1),"") | F23: =IFERROR(IF(OR(Metrics!I23="",Metrics!H23="",Metrics!H23=0),"",Metrics!I23/Metrics!H23-1),"") | G23: =IFERROR(IF(OR(Metrics!J23="",Metrics!I23="",Metrics!I23=0),"",Metrics!J23/Metrics!I23-1),"") | H23: =IFERROR(IF(OR(Metrics!K23="",Metrics!J23="",Metrics!J23=0),"",Metrics!K23/Metrics!J23-1),"") | I23: =IFERROR(IF(OR(Metrics!L23="",Metrics!K23="",Metrics!K23=0),"",Metrics!L23/Metrics!K23-1),"") | J23: =IFERROR(IF(OR(Metrics!M23="",Metrics!L23="",Metrics!L23=0),"",Metrics!M23/Metrics!L23-1),"") | ... M23: =IFERROR(IF(OR(Metrics!P23="",Metrics!O23="",Metrics!O23=0),"",Metrics!P23/Metrics!O23-1),"") | N23: =IFERROR(IF(INDEX(Metrics!$E$23:$P$23,MATCH(TRUE(),INDEX(Metrics!$E$23:$P$23<>"",0),0))=0,"",INDEX(Metrics!$E$23:$P$23,MATCH(9.99E+307,Metrics!$E$23:$P$23))/INDEX(Metrics!$E$23:$P$23,MATCH(TRUE(),INDEX(Metrics!$E$23:$P$23<>"",0),0))-1),"")
A24: TRAFFIC (GA4 / AI Traffic dashboard)
A25: LLM traffic — total visits | B25: pct | C25: =IFERROR(IF(OR(Metrics!F25="",Metrics!E25="",Metrics!E25=0),"",Metrics!F25/Metrics!E25-1),"") | D25: =IFERROR(IF(OR(Metrics!G25="",Metrics!F25="",Metrics!F25=0),"",Metrics!G25/Metrics!F25-1),"") | E25: =IFERROR(IF(OR(Metrics!H25="",Metrics!G25="",Metrics!G25=0),"",Metrics!H25/Metrics!G25-1),"") | F25: =IFERROR(IF(OR(Metrics!I25="",Metrics!H25="",Metrics!H25=0),"",Metrics!I25/Metrics!H25-1),"") | G25: =IFERROR(IF(OR(Metrics!J25="",Metrics!I25="",Metrics!I25=0),"",Metrics!J25/Metrics!I25-1),"") | H25: =IFERROR(IF(OR(Metrics!K25="",Metrics!J25="",Metrics!J25=0),"",Metrics!K25/Metrics!J25-1),"") | I25: =IFERROR(IF(OR(Metrics!L25="",Metrics!K25="",Metrics!K25=0),"",Metrics!L25/Metrics!K25-1),"") | J25: =IFERROR(IF(OR(Metrics!M25="",Metrics!L25="",Metrics!L25=0),"",Metrics!M25/Metrics!L25-1),"") | ... M25: =IFERROR(IF(OR(Metrics!P25="",Metrics!O25="",Metrics!O25=0),"",Metrics!P25/Metrics!O25-1),"") | N25: =IFERROR(IF(INDEX(Metrics!$E$25:$P$25,MATCH(TRUE(),INDEX(Metrics!$E$25:$P$25<>"",0),0))=0,"",INDEX(Metrics!$E$25:$P$25,MATCH(9.99E+307,Metrics!$E$25:$P$25))/INDEX(Metrics!$E$25:$P$25,MATCH(TRUE(),INDEX(Metrics!$E$25:$P$25<>"",0),0))-1),"")
A26: ChatGPT visits | B26: pct | C26: =IFERROR(IF(OR(Metrics!F26="",Metrics!E26="",Metrics!E26=0),"",Metrics!F26/Metrics!E26-1),"") | D26: =IFERROR(IF(OR(Metrics!G26="",Metrics!F26="",Metrics!F26=0),"",Metrics!G26/Metrics!F26-1),"") | E26: =IFERROR(IF(OR(Metrics!H26="",Metrics!G26="",Metrics!G26=0),"",Metrics!H26/Metrics!G26-1),"") | F26: =IFERROR(IF(OR(Metrics!I26="",Metrics!H26="",Metrics!H26=0),"",Metrics!I26/Metrics!H26-1),"") | G26: =IFERROR(IF(OR(Metrics!J26="",Metrics!I26="",Metrics!I26=0),"",Metrics!J26/Metrics!I26-1),"") | H26: =IFERROR(IF(OR(Metrics!K26="",Metrics!J26="",Metrics!J26=0),"",Metrics!K26/Metrics!J26-1),"") | I26: =IFERROR(IF(OR(Metrics!L26="",Metrics!K26="",Metrics!K26=0),"",Metrics!L26/Metrics!K26-1),"") | J26: =IFERROR(IF(OR(Metrics!M26="",Metrics!L26="",Metrics!L26=0),"",Metrics!M26/Metrics!L26-1),"") | ... M26: =IFERROR(IF(OR(Metrics!P26="",Metrics!O26="",Metrics!O26=0),"",Metrics!P26/Metrics!O26-1),"") | N26: =IFERROR(IF(INDEX(Metrics!$E$26:$P$26,MATCH(TRUE(),INDEX(Metrics!$E$26:$P$26<>"",0),0))=0,"",INDEX(Metrics!$E$26:$P$26,MATCH(9.99E+307,Metrics!$E$26:$P$26))/INDEX(Metrics!$E$26:$P$26,MATCH(TRUE(),INDEX(Metrics!$E$26:$P$26<>"",0),0))-1),"")
A27: All other LLM visits | B27: pct | C27: =IFERROR(IF(OR(Metrics!F27="",Metrics!E27="",Metrics!E27=0),"",Metrics!F27/Metrics!E27-1),"") | D27: =IFERROR(IF(OR(Metrics!G27="",Metrics!F27="",Metrics!F27=0),"",Metrics!G27/Metrics!F27-1),"") | E27: =IFERROR(IF(OR(Metrics!H27="",Metrics!G27="",Metrics!G27=0),"",Metrics!H27/Metrics!G27-1),"") | F27: =IFERROR(IF(OR(Metrics!I27="",Metrics!H27="",Metrics!H27=0),"",Metrics!I27/Metrics!H27-1),"") | G27: =IFERROR(IF(OR(Metrics!J27="",Metrics!I27="",Metrics!I27=0),"",Metrics!J27/Metrics!I27-1),"") | H27: =IFERROR(IF(OR(Metrics!K27="",Metrics!J27="",Metrics!J27=0),"",Metrics!K27/Metrics!J27-1),"") | I27: =IFERROR(IF(OR(Metrics!L27="",Metrics!K27="",Metrics!K27=0),"",Metrics!L27/Metrics!K27-1),"") | J27: =IFERROR(IF(OR(Metrics!M27="",Metrics!L27="",Metrics!L27=0),"",Metrics!M27/Metrics!L27-1),"") | ... M27: =IFERROR(IF(OR(Metrics!P27="",Metrics!O27="",Metrics!O27=0),"",Metrics!P27/Metrics!O27-1),"") | N27: =IFERROR(IF(INDEX(Metrics!$E$27:$P$27,MATCH(TRUE(),INDEX(Metrics!$E$27:$P$27<>"",0),0))=0,"",INDEX(Metrics!$E$27:$P$27,MATCH(9.99E+307,Metrics!$E$27:$P$27))/INDEX(Metrics!$E$27:$P$27,MATCH(TRUE(),INDEX(Metrics!$E$27:$P$27<>"",0),0))-1),"")
A28: Conversions | B28: pct | C28: =IFERROR(IF(OR(Metrics!F28="",Metrics!E28="",Metrics!E28=0),"",Metrics!F28/Metrics!E28-1),"") | D28: =IFERROR(IF(OR(Metrics!G28="",Metrics!F28="",Metrics!F28=0),"",Metrics!G28/Metrics!F28-1),"") | E28: =IFERROR(IF(OR(Metrics!H28="",Metrics!G28="",Metrics!G28=0),"",Metrics!H28/Metrics!G28-1),"") | F28: =IFERROR(IF(OR(Metrics!I28="",Metrics!H28="",Metrics!H28=0),"",Metrics!I28/Metrics!H28-1),"") | G28: =IFERROR(IF(OR(Metrics!J28="",Metrics!I28="",Metrics!I28=0),"",Metrics!J28/Metrics!I28-1),"") | H28: =IFERROR(IF(OR(Metrics!K28="",Metrics!J28="",Metrics!J28=0),"",Metrics!K28/Metrics!J28-1),"") | I28: =IFERROR(IF(OR(Metrics!L28="",Metrics!K28="",Metrics!K28=0),"",Metrics!L28/Metrics!K28-1),"") | J28: =IFERROR(IF(OR(Metrics!M28="",Metrics!L28="",Metrics!L28=0),"",Metrics!M28/Metrics!L28-1),"") | ... M28: =IFERROR(IF(OR(Metrics!P28="",Metrics!O28="",Metrics!O28=0),"",Metrics!P28/Metrics!O28-1),"") | N28: =IFERROR(IF(INDEX(Metrics!$E$28:$P$28,MATCH(TRUE(),INDEX(Metrics!$E$28:$P$28<>"",0),0))=0,"",INDEX(Metrics!$E$28:$P$28,MATCH(9.99E+307,Metrics!$E$28:$P$28))/INDEX(Metrics!$E$28:$P$28,MATCH(TRUE(),INDEX(Metrics!$E$28:$P$28<>"",0),0))-1),"")
A29: Conversion rate | B29: pp | C29: =IFERROR(IF(OR(Metrics!F29="",Metrics!E29=""),"",Metrics!F29-Metrics!E29),"") | D29: =IFERROR(IF(OR(Metrics!G29="",Metrics!F29=""),"",Metrics!G29-Metrics!F29),"") | E29: =IFERROR(IF(OR(Metrics!H29="",Metrics!G29=""),"",Metrics!H29-Metrics!G29),"") | F29: =IFERROR(IF(OR(Metrics!I29="",Metrics!H29=""),"",Metrics!I29-Metrics!H29),"") | G29: =IFERROR(IF(OR(Metrics!J29="",Metrics!I29=""),"",Metrics!J29-Metrics!I29),"") | H29: =IFERROR(IF(OR(Metrics!K29="",Metrics!J29=""),"",Metrics!K29-Metrics!J29),"") | I29: =IFERROR(IF(OR(Metrics!L29="",Metrics!K29=""),"",Metrics!L29-Metrics!K29),"") | J29: =IFERROR(IF(OR(Metrics!M29="",Metrics!L29=""),"",Metrics!M29-Metrics!L29),"") | ... M29: =IFERROR(IF(OR(Metrics!P29="",Metrics!O29=""),"",Metrics!P29-Metrics!O29),"") | N29: =IFERROR(INDEX(Metrics!$E$29:$P$29,MATCH(9.99E+307,Metrics!$E$29:$P$29))-INDEX(Metrics!$E$29:$P$29,MATCH(TRUE(),INDEX(Metrics!$E$29:$P$29<>"",0),0)),"")
A30: Bounce rate | B30: pp | C30: =IFERROR(IF(OR(Metrics!F30="",Metrics!E30=""),"",Metrics!F30-Metrics!E30),"") | D30: =IFERROR(IF(OR(Metrics!G30="",Metrics!F30=""),"",Metrics!G30-Metrics!F30),"") | E30: =IFERROR(IF(OR(Metrics!H30="",Metrics!G30=""),"",Metrics!H30-Metrics!G30),"") | F30: =IFERROR(IF(OR(Metrics!I30="",Metrics!H30=""),"",Metrics!I30-Metrics!H30),"") | G30: =IFERROR(IF(OR(Metrics!J30="",Metrics!I30=""),"",Metrics!J30-Metrics!I30),"") | H30: =IFERROR(IF(OR(Metrics!K30="",Metrics!J30=""),"",Metrics!K30-Metrics!J30),"") | I30: =IFERROR(IF(OR(Metrics!L30="",Metrics!K30=""),"",Metrics!L30-Metrics!K30),"") | J30: =IFERROR(IF(OR(Metrics!M30="",Metrics!L30=""),"",Metrics!M30-Metrics!L30),"") | ... M30: =IFERROR(IF(OR(Metrics!P30="",Metrics!O30=""),"",Metrics!P30-Metrics!O30),"") | N30: =IFERROR(INDEX(Metrics!$E$30:$P$30,MATCH(9.99E+307,Metrics!$E$30:$P$30))-INDEX(Metrics!$E$30:$P$30,MATCH(TRUE(),INDEX(Metrics!$E$30:$P$30<>"",0),0)),"")

Sheet Prompt Tracking
A1: Tracked prompts — 25 prompts × 3 models = 75 rows
A2: Two metrics per month. Avg. Position = how high you rank WHEN you appear. Days with Mention = HOW OFTEN. Position alone lies: a prompt that stops appearing on its bad days posts a fake position gain.
A3: Current month → | B3: Jul-26 | C3: Days-with-mention summed across all 75 rows = the 'Responses with mentions' card in the UI.
D4: Jun-26 | F4: Jul-26 | H4: Aug-26 | J4: Sep-26 | L4: Oct-26 | N4: Nov-26 | P4: Dec-26
A5: Prompt | B5: Theme | C5: Model | D5: Pos | E5: Days | F5: Pos | G5: Days | H5: Pos | I5: Days | J5: Pos | K5: Days | L5: Pos | M5: Days | N5: Pos | O5: Days | P5: Pos | Q5: Days | R5: Δ Pos | S5: Δ Days | T5: Verdict
A6: What are affordable college options in Cedar Valley? | B6: Location — affordability | C6: ChatGPT | D6: 1 | E6: 31 | F6: 1.03 | G6: 31 | R6: =IFERROR(IF(AND(ISNUMBER(INDEX($D6:$Q6,MATCH($B$3,$D$4:$Q$4,0))),ISNUMBER(INDEX($D6:$Q6,MATCH($B$3,$D$4:$Q$4,0)-2))),INDEX($D6:$Q6,MATCH($B$3,$D$4:$Q$4,0))-INDEX($D6:$Q6,MATCH($B$3,$D$4:$Q$4,0)-2),""),"") | S6: =IFERROR(IF(AND(ISNUMBER(INDEX($D6:$Q6,MATCH($B$3,$D$4:$Q$4,0)+1)),ISNUMBER(INDEX($D6:$Q6,MATCH($B$3,$D$4:$Q$4,0)-1))),INDEX($D6:$Q6,MATCH($B$3,$D$4:$Q$4,0)+1)-INDEX($D6:$Q6,MATCH($B$3,$D$4:$Q$4,0)-1),""),"") | T6: =IFERROR(IF(S6="","",IF(AND(INDEX($D6:$Q6,MATCH($B$3,$D$4:$Q$4,0)+1)=0,INDEX($D6:$Q6,MATCH($B$3,$D$4:$Q$4,0)-1)>0),"WENT TO ZERO",IF(AND(INDEX($D6:$Q6,MATCH($B$3,$D$4:$Q$4,0)-1)=0,INDEX($D6:$Q6,MATCH($B$3,$D$4:$Q$4,0)+1)>0),"NEW ENTRY",IF(INDEX($D6:$Q6,MATCH($B$3,$D$4:$Q$4,0)-1)=0,"absent",IF(S6/INDEX($D6:$Q6,MATCH($B$3,$D$4:$Q$4,0)-1)<-0.2,"FREQUENCY LOSS",IF(AND(R6<-0.1,S6>=0),"WIN",IF(R6>0.1,"LOSS",IF(S6/INDEX($D6:$Q6,MATCH($B$3,$D$4:$Q$4,0)-1)>0.2,"FREQUENCY GAIN","hold")))))))),"")
A7: What are affordable college options in Cedar Valley? | B7: Location — affordability | C7: Gemini | D7: 1.05 | E7: 31 | F7: 1.01 | G7: 31 | R7: =IFERROR(IF(AND(ISNUMBER(INDEX($D7:$Q7,MATCH($B$3,$D$4:$Q$4,0))),ISNUMBER(INDEX($D7:$Q7,MATCH($B$3,$D$4:$Q$4,0)-2))),INDEX($D7:$Q7,MATCH($B$3,$D$4:$Q$4,0))-INDEX($D7:$Q7,MATCH($B$3,$D$4:$Q$4,0)-2),""),"") | S7: =IFERROR(IF(AND(ISNUMBER(INDEX($D7:$Q7,MATCH($B$3,$D$4:$Q$4,0)+1)),ISNUMBER(INDEX($D7:$Q7,MATCH($B$3,$D$4:$Q$4,0)-1))),INDEX($D7:$Q7,MATCH($B$3,$D$4:$Q$4,0)+1)-INDEX($D7:$Q7,MATCH($B$3,$D$4:$Q$4,0)-1),""),"") | T7: =IFERROR(IF(S7="","",IF(AND(INDEX($D7:$Q7,MATCH($B$3,$D$4:$Q$4,0)+1)=0,INDEX($D7:$Q7,MATCH($B$3,$D$4:$Q$4,0)-1)>0),"WENT TO ZERO",IF(AND(INDEX($D7:$Q7,MATCH($B$3,$D$4:$Q$4,0)-1)=0,INDEX($D7:$Q7,MATCH($B$3,$D$4:$Q$4,0)+1)>0),"NEW ENTRY",IF(INDEX($D7:$Q7,MATCH($B$3,$D$4:$Q$4,0)-1)=0,"absent",IF(S7/INDEX($D7:$Q7,MATCH($B$3,$D$4:$Q$4,0)-1)<-0.2,"FREQUENCY LOSS",IF(AND(R7<-0.1,S7>=0),"WIN",IF(R7>0.1,"LOSS",IF(S7/INDEX($D7:$Q7,MATCH($B$3,$D$4:$Q$4,0)-1)>0.2,"FREQUENCY GAIN","hold")))))))),"")
A8: What are affordable college options in Cedar Valley? | B8: Location — affordability | C8: Google AI Overview | D8: 1.02 | E8: 30 | F8: 1.11 | G8: 25 | R8: =IFERROR(IF(AND(ISNUMBER(INDEX($D8:$Q8,MATCH($B$3,$D$4:$Q$4,0))),ISNUMBER(INDEX($D8:$Q8,MATCH($B$3,$D$4:$Q$4,0)-2))),INDEX($D8:$Q8,MATCH($B$3,$D$4:$Q$4,0))-INDEX($D8:$Q8,MATCH($B$3,$D$4:$Q$4,0)-2),""),"") | S8: =IFERROR(IF(AND(ISNUMBER(INDEX($D8:$Q8,MATCH($B$3,$D$4:$Q$4,0)+1)),ISNUMBER(INDEX($D8:$Q8,MATCH($B$3,$D$4:$Q$4,0)-1))),INDEX($D8:$Q8,MATCH($B$3,$D$4:$Q$4,0)+1)-INDEX($D8:$Q8,MATCH($B$3,$D$4:$Q$4,0)-1),""),"") | T8: =IFERROR(IF(S8="","",IF(AND(INDEX($D8:$Q8,MATCH($B$3,$D$4:$Q$4,0)+1)=0,INDEX($D8:$Q8,MATCH($B$3,$D$4:$Q$4,0)-1)>0),"WENT TO ZERO",IF(AND(INDEX($D8:$Q8,MATCH($B$3,$D$4:$Q$4,0)-1)=0,INDEX($D8:$Q8,MATCH($B$3,$D$4:$Q$4,0)+1)>0),"NEW ENTRY",IF(INDEX($D8:$Q8,MATCH($B$3,$D$4:$Q$4,0)-1)=0,"absent",IF(S8/INDEX($D8:$Q8,MATCH($B$3,$D$4:$Q$4,0)-1)<-0.2,"FREQUENCY LOSS",IF(AND(R8<-0.1,S8>=0),"WIN",IF(R8>0.1,"LOSS",IF(S8/INDEX($D8:$Q8,MATCH($B$3,$D$4:$Q$4,0)-1)>0.2,"FREQUENCY GAIN","hold")))))))),"")
A9: What community colleges in Ohio have flexible or online classes? | B9: ONLINE — flexible | C9: ChatGPT | D9: 2.86 | E9: 24 | F9: 1.57 | G9: 30 | R9: =IFERROR(IF(AND(ISNUMBER(INDEX($D9:$Q9,MATCH($B$3,$D$4:$Q$4,0))),ISNUMBER(INDEX($D9:$Q9,MATCH($B$3,$D$4:$Q$4,0)-2))),INDEX($D9:$Q9,MATCH($B$3,$D$4:$Q$4,0))-INDEX($D9:$Q9,MATCH($B$3,$D$4:$Q$4,0)-2),""),"") | S9: =IFERROR(IF(AND(ISNUMBER(INDEX($D9:$Q9,MATCH($B$3,$D$4:$Q$4,0)+1)),ISNUMBER(INDEX($D9:$Q9,MATCH($B$3,$D$4:$Q$4,0)-1))),INDEX($D9:$Q9,MATCH($B$3,$D$4:$Q$4,0)+1)-INDEX($D9:$Q9,MATCH($B$3,$D$4:$Q$4,0)-1),""),"") | T9: =IFERROR(IF(S9="","",IF(AND(INDEX($D9:$Q9,MATCH($B$3,$D$4:$Q$4,0)+1)=0,INDEX($D9:$Q9,MATCH($B$3,$D$4:$Q$4,0)-1)>0),"WENT TO ZERO",IF(AND(INDEX($D9:$Q9,MATCH($B$3,$D$4:$Q$4,0)-1)=0,INDEX($D9:$Q9,MATCH($B$3,$D$4:$Q$4,0)+1)>0),"NEW ENTRY",IF(INDEX($D9:$Q9,MATCH($B$3,$D$4:$Q$4,0)-1)=0,"absent",IF(S9/INDEX($D9:$Q9,MATCH($B$3,$D$4:$Q$4,0)-1)<-0.2,"FREQUENCY LOSS",IF(AND(R9<-0.1,S9>=0),"WIN",IF(R9>0.1,"LOSS",IF(S9/INDEX($D9:$Q9,MATCH($B$3,$D$4:$Q$4,0)-1)>0.2,"FREQUENCY GAIN","hold")))))))),"")
A10: What community colleges in Ohio have flexible or online classes? | B10: ONLINE — flexible | C10: Gemini | D10: 1.13 | E10: 31 | F10: 1.18 | G10: 31 | R10: =IFERROR(IF(AND(ISNUMBER(INDEX($D10:$Q10,MATCH($B$3,$D$4:$Q$4,0))),ISNUMBER(INDEX($D10:$Q10,MATCH($B$3,$D$4:$Q$4,0)-2))),INDEX($D10:$Q10,MATCH($B$3,$D$4:$Q$4,0))-INDEX($D10:$Q10,MATCH($B$3,$D$4:$Q$4,0)-2),""),"") | S10: =IFERROR(IF(AND(ISNUMBER(INDEX($D10:$Q10,MATCH($B$3,$D$4:$Q$4,0)+1)),ISNUMBER(INDEX($D10:$Q10,MATCH($B$3,$D$4:$Q$4,0)-1))),INDEX($D10:$Q10,MATCH($B$3,$D$4:$Q$4,0)+1)-INDEX($D10:$Q10,MATCH($B$3,$D$4:$Q$4,0)-1),""),"") | T10: =IFERROR(IF(S10="","",IF(AND(INDEX($D10:$Q10,MATCH($B$3,$D$4:$Q$4,0)+1)=0,INDEX($D10:$Q10,MATCH($B$3,$D$4:$Q$4,0)-1)>0),"WENT TO ZERO",IF(AND(INDEX($D10:$Q10,MATCH($B$3,$D$4:$Q$4,0)-1)=0,INDEX($D10:$Q10,MATCH($B$3,$D$4:$Q$4,0)+1)>0),"NEW ENTRY",IF(INDEX($D10:$Q10,MATCH($B$3,$D$4:$Q$4,0)-1)=0,"absent",IF(S10/INDEX($D10:$Q10,MATCH($B$3,$D$4:$Q$4,0)-1)<-0.2,"FREQUENCY LOSS",IF(AND(R10<-0.1,S10>=0),"WIN",IF(R10>0.1,"LOSS",IF(S10/INDEX($D10:$Q10,MATCH($B$3,$D$4:$Q$4,0)-1)>0.2,"FREQUENCY GAIN","hold")))))))),"")
A11: What community colleges in Ohio have flexible or online classes? | B11: ONLINE — flexible | C11: Google AI Overview | D11: 2.45 | E11: 22 | F11: 1.67 | G11: 25 | R11: =IFERROR(IF(AND(ISNUMBER(INDEX($D11:$Q11,MATCH($B$3,$D$4:$Q$4,0))),ISNUMBER(INDEX($D11:$Q11,MATCH($B$3,$D$4:$Q$4,0)-2))),INDEX($D11:$Q11,MATCH($B$3,$D$4:$Q$4,0))-INDEX($D11:$Q11,MATCH($B$3,$D$4:$Q$4,0)-2),""),"") | S11: =IFERROR(IF(AND(ISNUMBER(INDEX($D11:$Q11,MATCH($B$3,$D$4:$Q$4,0)+1)),ISNUMBER(INDEX($D11:$Q11,MATCH($B$3,$D$4:$Q$4,0)-1))),INDEX($D11:$Q11,MATCH($B$3,$D$4:$Q$4,0)+1)-INDEX($D11:$Q11,MATCH($B$3,$D$4:$Q$4,0)-1),""),"") | T11: =IFERROR(IF(S11="","",IF(AND(INDEX($D11:$Q11,MATCH($B$3,$D$4:$Q$4,0)+1)=0,INDEX($D11:$Q11,MATCH($B$3,$D$4:$Q$4,0)-1)>0),"WENT TO ZERO",IF(AND(INDEX($D11:$Q11,MATCH($B$3,$D$4:$Q$4,0)-1)=0,INDEX($D11:$Q11,MATCH($B$3,$D$4:$Q$4,0)+1)>0),"NEW ENTRY",IF(INDEX($D11:$Q11,MATCH($B$3,$D$4:$Q$4,0)-1)=0,"absent",IF(S11/INDEX($D11:$Q11,MATCH($B$3,$D$4:$Q$4,0)-1)<-0.2,"FREQUENCY LOSS",IF(AND(R11<-0.1,S11>=0),"WIN",IF(R11>0.1,"LOSS",IF(S11/INDEX($D11:$Q11,MATCH($B$3,$D$4:$Q$4,0)-1)>0.2,"FREQUENCY GAIN","hold")))))))),"")
A12: What financial aid or scholarships are available for community college students in Ohio? | B12: Financial aid | C12: ChatGPT | D12: 1.09 | E12: 30 | F12: 1.19 | G12: 30 | R12: =IFERROR(IF(AND(ISNUMBER(INDEX($D12:$Q12,MATCH($B$3,$D$4:$Q$4,0))),ISNUMBER(INDEX($D12:$Q12,MATCH($B$3,$D$4:$Q$4,0)-2))),INDEX($D12:$Q12,MATCH($B$3,$D$4:$Q$4,0))-INDEX($D12:$Q12,MATCH($B$3,$D$4:$Q$4,0)-2),""),"") | S12: =IFERROR(IF(AND(ISNUMBER(INDEX($D12:$Q12,MATCH($B$3,$D$4:$Q$4,0)+1)),ISNUMBER(INDEX($D12:$Q12,MATCH($B$3,$D$4:$Q$4,0)-1))),INDEX($D12:$Q12,MATCH($B$3,$D$4:$Q$4,0)+1)-INDEX($D12:$Q12,MATCH($B$3,$D$4:$Q$4,0)-1),""),"") | T12: =IFERROR(IF(S12="","",IF(AND(INDEX($D12:$Q12,MATCH($B$3,$D$4:$Q$4,0)+1)=0,INDEX($D12:$Q12,MATCH($B$3,$D$4:$Q$4,0)-1)>0),"WENT TO ZERO",IF(AND(INDEX($D12:$Q12,MATCH($B$3,$D$4:$Q$4,0)-1)=0,INDEX($D12:$Q12,MATCH($B$3,$D$4:$Q$4,0)+1)>0),"NEW ENTRY",IF(INDEX($D12:$Q12,MATCH($B$3,$D$4:$Q$4,0)-1)=0,"absent",IF(S12/INDEX($D12:$Q12,MATCH($B$3,$D$4:$Q$4,0)-1)<-0.2,"FREQUENCY LOSS",IF(AND(R12<-0.1,S12>=0),"WIN",IF(R12>0.1,"LOSS",IF(S12/INDEX($D12:$Q12,MATCH($B$3,$D$4:$Q$4,0)-1)>0.2,"FREQUENCY GAIN","hold")))))))),"")
A13: What financial aid or scholarships are available for community college students in Ohio? | B13: Financial aid | C13: Gemini | D13: 1 | E13: 31 | F13: 1.12 | G13: 30 | R13: =IFERROR(IF(AND(ISNUMBER(INDEX($D13:$Q13,MATCH($B$3,$D$4:$Q$4,0))),ISNUMBER(INDEX($D13:$Q13,MATCH($B$3,$D$4:$Q$4,0)-2))),INDEX($D13:$Q13,MATCH($B$3,$D$4:$Q$4,0))-INDEX($D13:$Q13,MATCH($B$3,$D$4:$Q$4,0)-2),""),"") | S13: =IFERROR(IF(AND(ISNUMBER(INDEX($D13:$Q13,MATCH($B$3,$D$4:$Q$4,0)+1)),ISNUMBER(INDEX($D13:$Q13,MATCH($B$3,$D$4:$Q$4,0)-1))),INDEX($D13:$Q13,MATCH($B$3,$D$4:$Q$4,0)+1)-INDEX($D13:$Q13,MATCH($B$3,$D$4:$Q$4,0)-1),""),"") | T13: =IFERROR(IF(S13="","",IF(AND(INDEX($D13:$Q13,MATCH($B$3,$D$4:$Q$4,0)+1)=0,INDEX($D13:$Q13,MATCH($B$3,$D$4:$Q$4,0)-1)>0),"WENT TO ZERO",IF(AND(INDEX($D13:$Q13,MATCH($B$3,$D$4:$Q$4,0)-1)=0,INDEX($D13:$Q13,MATCH($B$3,$D$4:$Q$4,0)+1)>0),"NEW ENTRY",IF(INDEX($D13:$Q13,MATCH($B$3,$D$4:$Q$4,0)-1)=0,"absent",IF(S13/INDEX($D13:$Q13,MATCH($B$3,$D$4:$Q$4,0)-1)<-0.2,"FREQUENCY LOSS",IF(AND(R13<-0.1,S13>=0),"WIN",IF(R13>0.1,"LOSS",IF(S13/INDEX($D13:$Q13,MATCH($B$3,$D$4:$Q$4,0)-1)>0.2,"FREQUENCY GAIN","hold")))))))),"")
A14: What financial aid or scholarships are available for community college students in Ohio? | B14: Financial aid | C14: Google AI Overview | D14: 1.99 | E14: 25 | F14: 2.71 | G14: 19 | R14: =IFERROR(IF(AND(ISNUMBER(INDEX($D14:$Q14,MATCH($B$3,$D$4:$Q$4,0))),ISNUMBER(INDEX($D14:$Q14,MATCH($B$3,$D$4:$Q$4,0)-2))),INDEX($D14:$Q14,MATCH($B$3,$D$4:$Q$4,0))-INDEX($D14:$Q14,MATCH($B$3,$D$4:$Q$4,0)-2),""),"") | S14: =IFERROR(IF(AND(ISNUMBER(INDEX($D14:$Q14,MATCH($B$3,$D$4:$Q$4,0)+1)),ISNUMBER(INDEX($D14:$Q14,MATCH($B$3,$D$4:$Q$4,0)-1))),INDEX($D14:$Q14,MATCH($B$3,$D$4:$Q$4,0)+1)-INDEX($D14:$Q14,MATCH($B$3,$D$4:$Q$4,0)-1),""),"") | T14: =IFERROR(IF(S14="","",IF(AND(INDEX($D14:$Q14,MATCH($B$3,$D$4:$Q$4,0)+1)=0,INDEX($D14:$Q14,MATCH($B$3,$D$4:$Q$4,0)-1)>0),"WENT TO ZERO",IF(AND(INDEX($D14:$Q14,MATCH($B$3,$D$4:$Q$4,0)-1)=0,INDEX($D14:$Q14,MATCH($B$3,$D$4:$Q$4,0)+1)>0),"NEW ENTRY",IF(INDEX($D14:$Q14,MATCH($B$3,$D$4:$Q$4,0)-1)=0,"absent",IF(S14/INDEX($D14:$Q14,MATCH($B$3,$D$4:$Q$4,0)-1)<-0.2,"FREQUENCY LOSS",IF(AND(R14<-0.1,S14>=0),"WIN",IF(R14>0.1,"LOSS",IF(S14/INDEX($D14:$Q14,MATCH($B$3,$D$4:$Q$4,0)-1)>0.2,"FREQUENCY GAIN","hold")))))))),"")
A15: best community colleges near me | B15: Location — discovery | C15: ChatGPT | D15: 1 | E15: 31 | F15: 1 | G15: 29 | R15: =IFERROR(IF(AND(ISNUMBER(INDEX($D15:$Q15,MATCH($B$3,$D$4:$Q$4,0))),ISNUMBER(INDEX($D15:$Q15,MATCH($B$3,$D$4:$Q$4,0)-2))),INDEX($D15:$Q15,MATCH($B$3,$D$4:$Q$4,0))-INDEX($D15:$Q15,MATCH($B$3,$D$4:$Q$4,0)-2),""),"") | S15: =IFERROR(IF(AND(ISNUMBER(INDEX($D15:$Q15,MATCH($B$3,$D$4:$Q$4,0)+1)),ISNUMBER(INDEX($D15:$Q15,MATCH($B$3,$D$4:$Q$4,0)-1))),INDEX($D15:$Q15,MATCH($B$3,$D$4:$Q$4,0)+1)-INDEX($D15:$Q15,MATCH($B$3,$D$4:$Q$4,0)-1),""),"") | T15: =IFERROR(IF(S15="","",IF(AND(INDEX($D15:$Q15,MATCH($B$3,$D$4:$Q$4,0)+1)=0,INDEX($D15:$Q15,MATCH($B$3,$D$4:$Q$4,0)-1)>0),"WENT TO ZERO",IF(AND(INDEX($D15:$Q15,MATCH($B$3,$D$4:$Q$4,0)-1)=0,INDEX($D15:$Q15,MATCH($B$3,$D$4:$Q$4,0)+1)>0),"NEW ENTRY",IF(INDEX($D15:$Q15,MATCH($B$3,$D$4:$Q$4,0)-1)=0,"absent",IF(S15/INDEX($D15:$Q15,MATCH($B$3,$D$4:$Q$4,0)-1)<-0.2,"FREQUENCY LOSS",IF(AND(R15<-0.1,S15>=0),"WIN",IF(R15>0.1,"LOSS",IF(S15/INDEX($D15:$Q15,MATCH($B$3,$D$4:$Q$4,0)-1)>0.2,"FREQUENCY GAIN","hold")))))))),"")
A16: best community colleges near me | B16: Location — discovery | C16: Gemini | D16: 1.25 | E16: 30 | F16: 1.23 | G16: 28 | R16: =IFERROR(IF(AND(ISNUMBER(INDEX($D16:$Q16,MATCH($B$3,$D$4:$Q$4,0))),ISNUMBER(INDEX($D16:$Q16,MATCH($B$3,$D$4:$Q$4,0)-2))),INDEX($D16:$Q16,MATCH($B$3,$D$4:$Q$4,0))-INDEX($D16:$Q16,MATCH($B$3,$D$4:$Q$4,0)-2),""),"") | S16: =IFERROR(IF(AND(ISNUMBER(INDEX($D16:$Q16,MATCH($B$3,$D$4:$Q$4,0)+1)),ISNUMBER(INDEX($D16:$Q16,MATCH($B$3,$D$4:$Q$4,0)-1))),INDEX($D16:$Q16,MATCH($B$3,$D$4:$Q$4,0)+1)-INDEX($D16:$Q16,MATCH($B$3,$D$4:$Q$4,0)-1),""),"") | T16: =IFERROR(IF(S16="","",IF(AND(INDEX($D16:$Q16,MATCH($B$3,$D$4:$Q$4,0)+1)=0,INDEX($D16:$Q16,MATCH($B$3,$D$4:$Q$4,0)-1)>0),"WENT TO ZERO",IF(AND(INDEX($D16:$Q16,MATCH($B$3,$D$4:$Q$4,0)-1)=0,INDEX($D16:$Q16,MATCH($B$3,$D$4:$Q$4,0)+1)>0),"NEW ENTRY",IF(INDEX($D16:$Q16,MATCH($B$3,$D$4:$Q$4,0)-1)=0,"absent",IF(S16/INDEX($D16:$Q16,MATCH($B$3,$D$4:$Q$4,0)-1)<-0.2,"FREQUENCY LOSS",IF(AND(R16<-0.1,S16>=0),"WIN",IF(R16>0.1,"LOSS",IF(S16/INDEX($D16:$Q16,MATCH($B$3,$D$4:$Q$4,0)-1)>0.2,"FREQUENCY GAIN","hold")))))))),"")
A17: best community colleges near me | B17: Location — discovery | C17: Google AI Overview | D17: 1.1 | E17: 21 | F17: 1 | G17: 29 | R17: =IFERROR(IF(AND(ISNUMBER(INDEX($D17:$Q17,MATCH($B$3,$D$4:$Q$4,0))),ISNUMBER(INDEX($D17:$Q17,MATCH($B$3,$D$4:$Q$4,0)-2))),INDEX($D17:$Q17,MATCH($B$3,$D$4:$Q$4,0))-INDEX($D17:$Q17,MATCH($B$3,$D$4:$Q$4,0)-2),""),"") | S17: =IFERROR(IF(AND(ISNUMBER(INDEX($D17:$Q17,MATCH($B$3,$D$4:$Q$4,0)+1)),ISNUMBER(INDEX($D17:$Q17,MATCH($B$3,$D$4:$Q$4,0)-1))),INDEX($D17:$Q17,MATCH($B$3,$D$4:$Q$4,0)+1)-INDEX($D17:$Q17,MATCH($B$3,$D$4:$Q$4,0)-1),""),"") | T17: =IFERROR(IF(S17="","",IF(AND(INDEX($D17:$Q17,MATCH($B$3,$D$4:$Q$4,0)+1)=0,INDEX($D17:$Q17,MATCH($B$3,$D$4:$Q$4,0)-1)>0),"WENT TO ZERO",IF(AND(INDEX($D17:$Q17,MATCH($B$3,$D$4:$Q$4,0)-1)=0,INDEX($D17:$Q17,MATCH($B$3,$D$4:$Q$4,0)+1)>0),"NEW ENTRY",IF(INDEX($D17:$Q17,MATCH($B$3,$D$4:$Q$4,0)-1)=0,"absent",IF(S17/INDEX($D17:$Q17,MATCH($B$3,$D$4:$Q$4,0)-1)<-0.2,"FREQUENCY LOSS",IF(AND(R17<-0.1,S17>=0),"WIN",IF(R17>0.1,"LOSS",IF(S17/INDEX($D17:$Q17,MATCH($B$3,$D$4:$Q$4,0)-1)>0.2,"FREQUENCY GAIN","hold")))))))),"")
... A19: cna classes near me | B19: CNA | C19: Gemini | D19: 1 | E19: 31 | F19: 1 | G19: 31 | R19: =IFERROR(IF(AND(ISNUMBER(INDEX($D19:$Q19,MATCH($B$3,$D$4:$Q$4,0))),ISNUMBER(INDEX($D19:$Q19,MATCH($B$3,$D$4:$Q$4,0)-2))),INDEX($D19:$Q19,MATCH($B$3,$D$4:$Q$4,0))-INDEX($D19:$Q19,MATCH($B$3,$D$4:$Q$4,0)-2),""),"") | S19: =IFERROR(IF(AND(ISNUMBER(INDEX($D19:$Q19,MATCH($B$3,$D$4:$Q$4,0)+1)),ISNUMBER(INDEX($D19:$Q19,MATCH($B$3,$D$4:$Q$4,0)-1))),INDEX($D19:$Q19,MATCH($B$3,$D$4:$Q$4,0)+1)-INDEX($D19:$Q19,MATCH($B$3,$D$4:$Q$4,0)-1),""),"") | T19: =IFERROR(IF(S19="","",IF(AND(INDEX($D19:$Q19,MATCH($B$3,$D$4:$Q$4,0)+1)=0,INDEX($D19:$Q19,MATCH($B$3,$D$4:$Q$4,0)-1)>0),"WENT TO ZERO",IF(AND(INDEX($D19:$Q19,MATCH($B$3,$D$4:$Q$4,0)-1)=0,INDEX($D19:$Q19,MATCH($B$3,$D$4:$Q$4,0)+1)>0),"NEW ENTRY",IF(INDEX($D19:$Q19,MATCH($B$3,$D$4:$Q$4,0)-1)=0,"absent",IF(S19/INDEX($D19:$Q19,MATCH($B$3,$D$4:$Q$4,0)-1)<-0.2,"FREQUENCY LOSS",IF(AND(R19<-0.1,S19>=0),"WIN",IF(R19>0.1,"LOSS",IF(S19/INDEX($D19:$Q19,MATCH($B$3,$D$4:$Q$4,0)-1)>0.2,"FREQUENCY GAIN","hold")))))))),"")
A20: cna classes near me | B20: CNA | C20: Google AI Overview | E20: 0 | F20: 1 | G20: 8 | R20: =IFERROR(IF(AND(ISNUMBER(INDEX($D20:$Q20,MATCH($B$3,$D$4:$Q$4,0))),ISNUMBER(INDEX($D20:$Q20,MATCH($B$3,$D$4:$Q$4,0)-2))),INDEX($D20:$Q20,MATCH($B$3,$D$4:$Q$4,0))-INDEX($D20:$Q20,MATCH($B$3,$D$4:$Q$4,0)-2),""),"") | S20: =IFERROR(IF(AND(ISNUMBER(INDEX($D20:$Q20,MATCH($B$3,$D$4:$Q$4,0)+1)),ISNUMBER(INDEX($D20:$Q20,MATCH($B$3,$D$4:$Q$4,0)-1))),INDEX($D20:$Q20,MATCH($B$3,$D$4:$Q$4,0)+1)-INDEX($D20:$Q20,MATCH($B$3,$D$4:$Q$4,0)-1),""),"") | T20: =IFERROR(IF(S20="","",IF(AND(INDEX($D20:$Q20,MATCH($B$3,$D$4:$Q$4,0)+1)=0,INDEX($D20:$Q20,MATCH($B$3,$D$4:$Q$4,0)-1)>0),"WENT TO ZERO",IF(AND(INDEX($D20:$Q20,MATCH($B$3,$D$4:$Q$4,0)-1)=0,INDEX($D20:$Q20,MATCH($B$3,$D$4:$Q$4,0)+1)>0),"NEW ENTRY",IF(INDEX($D20:$Q20,MATCH($B$3,$D$4:$Q$4,0)-1)=0,"absent",IF(S20/INDEX($D20:$Q20,MATCH($B$3,$D$4:$Q$4,0)-1)<-0.2,"FREQUENCY LOSS",IF(AND(R20<-0.1,S20>=0),"WIN",IF(R20>0.1,"LOSS",IF(S20/INDEX($D20:$Q20,MATCH($B$3,$D$4:$Q$4,0)-1)>0.2,"FREQUENCY GAIN","hold")))))))),"")
A21: colleges that have surgical tech programs | B21: Surgical tech | C21: ChatGPT | D21: 1 | E21: 30 | F21: 1 | G21: 31 | R21: =IFERROR(IF(AND(ISNUMBER(INDEX($D21:$Q21,MATCH($B$3,$D$4:$Q$4,0))),ISNUMBER(INDEX($D21:$Q21,MATCH($B$3,$D$4:$Q$4,0)-2))),INDEX($D21:$Q21,MATCH($B$3,$D$4:$Q$4,0))-INDEX($D21:$Q21,MATCH($B$3,$D$4:$Q$4,0)-2),""),"") | S21: =IFERROR(IF(AND(ISNUMBER(INDEX($D21:$Q21,MATCH($B$3,$D$4:$Q$4,0)+1)),ISNUMBER(INDEX($D21:$Q21,MATCH($B$3,$D$4:$Q$4,0)-1))),INDEX($D21:$Q21,MATCH($B$3,$D$4:$Q$4,0)+1)-INDEX($D21:$Q21,MATCH($B$3,$D$4:$Q$4,0)-1),""),"") | T21: =IFERROR(IF(S21="","",IF(AND(INDEX($D21:$Q21,MATCH($B$3,$D$4:$Q$4,0)+1)=0,INDEX($D21:$Q21,MATCH($B$3,$D$4:$Q$4,0)-1)>0),"WENT TO ZERO",IF(AND(INDEX($D21:$Q21,MATCH($B$3,$D$4:$Q$4,0)-1)=0,INDEX($D21:$Q21,MATCH($B$3,$D$4:$Q$4,0)+1)>0),"NEW ENTRY",IF(INDEX($D21:$Q21,MATCH($B$3,$D$4:$Q$4,0)-1)=0,"absent",IF(S21/INDEX($D21:$Q21,MATCH($B$3,$D$4:$Q$4,0)-1)<-0.2,"FREQUENCY LOSS",IF(AND(R21<-0.1,S21>=0),"WIN",IF(R21>0.1,"LOSS",IF(S21/INDEX($D21:$Q21,MATCH($B$3,$D$4:$Q$4,0)-1)>0.2,"FREQUENCY GAIN","hold")))))))),"")
A22: colleges that have surgical tech programs | B22: Surgical tech | C22: Gemini | D22: 1 | E22: 29 | F22: 1 | G22: 31 | R22: =IFERROR(IF(AND(ISNUMBER(INDEX($D22:$Q22,MATCH($B$3,$D$4:$Q$4,0))),ISNUMBER(INDEX($D22:$Q22,MATCH($B$3,$D$4:$Q$4,0)-2))),INDEX($D22:$Q22,MATCH($B$3,$D$4:$Q$4,0))-INDEX($D22:$Q22,MATCH($B$3,$D$4:$Q$4,0)-2),""),"") | S22: =IFERROR(IF(AND(ISNUMBER(INDEX($D22:$Q22,MATCH($B$3,$D$4:$Q$4,0)+1)),ISNUMBER(INDEX($D22:$Q22,MATCH($B$3,$D$4:$Q$4,0)-1))),INDEX($D22:$Q22,MATCH($B$3,$D$4:$Q$4,0)+1)-INDEX($D22:$Q22,MATCH($B$3,$D$4:$Q$4,0)-1),""),"") | T22: =IFERROR(IF(S22="","",IF(AND(INDEX($D22:$Q22,MATCH($B$3,$D$4:$Q$4,0)+1)=0,INDEX($D22:$Q22,MATCH($B$3,$D$4:$Q$4,0)-1)>0),"WENT TO ZERO",IF(AND(INDEX($D22:$Q22,MATCH($B$3,$D$4:$Q$4,0)-1)=0,INDEX($D22:$Q22,MATCH($B$3,$D$4:$Q$4,0)+1)>0),"NEW ENTRY",IF(INDEX($D22:$Q22,MATCH($B$3,$D$4:$Q$4,0)-1)=0,"absent",IF(S22/INDEX($D22:$Q22,MATCH($B$3,$D$4:$Q$4,0)-1)<-0.2,"FREQUENCY LOSS",IF(AND(R22<-0.1,S22>=0),"WIN",IF(R22>0.1,"LOSS",IF(S22/INDEX($D22:$Q22,MATCH($B$3,$D$4:$Q$4,0)-1)>0.2,"FREQUENCY GAIN","hold")))))))),"")
A23: colleges that have surgical tech programs | B23: Surgical tech | C23: Google AI Overview | D23: 1.27 | E23: 31 | F23: 1 | G23: 28 | R23: =IFERROR(IF(AND(ISNUMBER(INDEX($D23:$Q23,MATCH($B$3,$D$4:$Q$4,0))),ISNUMBER(INDEX($D23:$Q23,MATCH($B$3,$D$4:$Q$4,0)-2))),INDEX($D23:$Q23,MATCH($B$3,$D$4:$Q$4,0))-INDEX($D23:$Q23,MATCH($B$3,$D$4:$Q$4,0)-2),""),"") | S23: =IFERROR(IF(AND(ISNUMBER(INDEX($D23:$Q23,MATCH($B$3,$D$4:$Q$4,0)+1)),ISNUMBER(INDEX($D23:$Q23,MATCH($B$3,$D$4:$Q$4,0)-1))),INDEX($D23:$Q23,MATCH($B$3,$D$4:$Q$4,0)+1)-INDEX($D23:$Q23,MATCH($B$3,$D$4:$Q$4,0)-1),""),"") | T23: =IFERROR(IF(S23="","",IF(AND(INDEX($D23:$Q23,MATCH($B$3,$D$4:$Q$4,0)+1)=0,INDEX($D23:$Q23,MATCH($B$3,$D$4:$Q$4,0)-1)>0),"WENT TO ZERO",IF(AND(INDEX($D23:$Q23,MATCH($B$3,$D$4:$Q$4,0)-1)=0,INDEX($D23:$Q23,MATCH($B$3,$D$4:$Q$4,0)+1)>0),"NEW ENTRY",IF(INDEX($D23:$Q23,MATCH($B$3,$D$4:$Q$4,0)-1)=0,"absent",IF(S23/INDEX($D23:$Q23,MATCH($B$3,$D$4:$Q$4,0)-1)<-0.2,"FREQUENCY LOSS",IF(AND(R23<-0.1,S23>=0),"WIN",IF(R23>0.1,"LOSS",IF(S23/INDEX($D23:$Q23,MATCH($B$3,$D$4:$Q$4,0)-1)>0.2,"FREQUENCY GAIN","hold")))))))),"")
A24: community colleges in ohio | B24: Location — state | C24: ChatGPT | D24: 2.95 | E24: 31 | F24: 2.03 | G24: 30 | R24: =IFERROR(IF(AND(ISNUMBER(INDEX($D24:$Q24,MATCH($B$3,$D$4:$Q$4,0))),ISNUMBER(INDEX($D24:$Q24,MATCH($B$3,$D$4:$Q$4,0)-2))),INDEX($D24:$Q24,MATCH($B$3,$D$4:$Q$4,0))-INDEX($D24:$Q24,MATCH($B$3,$D$4:$Q$4,0)-2),""),"") | S24: =IFERROR(IF(AND(ISNUMBER(INDEX($D24:$Q24,MATCH($B$3,$D$4:$Q$4,0)+1)),ISNUMBER(INDEX($D24:$Q24,MATCH($B$3,$D$4:$Q$4,0)-1))),INDEX($D24:$Q24,MATCH($B$3,$D$4:$Q$4,0)+1)-INDEX($D24:$Q24,MATCH($B$3,$D$4:$Q$4,0)-1),""),"") | T24: =IFERROR(IF(S24="","",IF(AND(INDEX($D24:$Q24,MATCH($B$3,$D$4:$Q$4,0)+1)=0,INDEX($D24:$Q24,MATCH($B$3,$D$4:$Q$4,0)-1)>0),"WENT TO ZERO",IF(AND(INDEX($D24:$Q24,MATCH($B$3,$D$4:$Q$4,0)-1)=0,INDEX($D24:$Q24,MATCH($B$3,$D$4:$Q$4,0)+1)>0),"NEW ENTRY",IF(INDEX($D24:$Q24,MATCH($B$3,$D$4:$Q$4,0)-1)=0,"absent",IF(S24/INDEX($D24:$Q24,MATCH($B$3,$D$4:$Q$4,0)-1)<-0.2,"FREQUENCY LOSS",IF(AND(R24<-0.1,S24>=0),"WIN",IF(R24>0.1,"LOSS",IF(S24/INDEX($D24:$Q24,MATCH($B$3,$D$4:$Q$4,0)-1)>0.2,"FREQUENCY GAIN","hold")))))))),"")
A25: community colleges in ohio | B25: Location — state | C25: Gemini | D25: 1.28 | E25: 30 | F25: 1.21 | G25: 27 | R25: =IFERROR(IF(AND(ISNUMBER(INDEX($D25:$Q25,MATCH($B$3,$D$4:$Q$4,0))),ISNUMBER(INDEX($D25:$Q25,MATCH($B$3,$D$4:$Q$4,0)-2))),INDEX($D25:$Q25,MATCH($B$3,$D$4:$Q$4,0))-INDEX($D25:$Q25,MATCH($B$3,$D$4:$Q$4,0)-2),""),"") | S25: =IFERROR(IF(AND(ISNUMBER(INDEX($D25:$Q25,MATCH($B$3,$D$4:$Q$4,0)+1)),ISNUMBER(INDEX($D25:$Q25,MATCH($B$3,$D$4:$Q$4,0)-1))),INDEX($D25:$Q25,MATCH($B$3,$D$4:$Q$4,0)+1)-INDEX($D25:$Q25,MATCH($B$3,$D$4:$Q$4,0)-1),""),"") | T25: =IFERROR(IF(S25="","",IF(AND(INDEX($D25:$Q25,MATCH($B$3,$D$4:$Q$4,0)+1)=0,INDEX($D25:$Q25,MATCH($B$3,$D$4:$Q$4,0)-1)>0),"WENT TO ZERO",IF(AND(INDEX($D25:$Q25,MATCH($B$3,$D$4:$Q$4,0)-1)=0,INDEX($D25:$Q25,MATCH($B$3,$D$4:$Q$4,0)+1)>0),"NEW ENTRY",IF(INDEX($D25:$Q25,MATCH($B$3,$D$4:$Q$4,0)-1)=0,"absent",IF(S25/INDEX($D25:$Q25,MATCH($B$3,$D$4:$Q$4,0)-1)<-0.2,"FREQUENCY LOSS",IF(AND(R25<-0.1,S25>=0),"WIN",IF(R25>0.1,"LOSS",IF(S25/INDEX($D25:$Q25,MATCH($B$3,$D$4:$Q$4,0)-1)>0.2,"FREQUENCY GAIN","hold")))))))),"")
A26: community colleges in ohio | B26: Location — state | C26: Google AI Overview | D26: 5.02 | E26: 3 | G26: 0 | R26: =IFERROR(IF(AND(ISNUMBER(INDEX($D26:$Q26,MATCH($B$3,$D$4:$Q$4,0))),ISNUMBER(INDEX($D26:$Q26,MATCH($B$3,$D$4:$Q$4,0)-2))),INDEX($D26:$Q26,MATCH($B$3,$D$4:$Q$4,0))-INDEX($D26:$Q26,MATCH($B$3,$D$4:$Q$4,0)-2),""),"") | S26: =IFERROR(IF(AND(ISNUMBER(INDEX($D26:$Q26,MATCH($B$3,$D$4:$Q$4,0)+1)),ISNUMBER(INDEX($D26:$Q26,MATCH($B$3,$D$4:$Q$4,0)-1))),INDEX($D26:$Q26,MATCH($B$3,$D$4:$Q$4,0)+1)-INDEX($D26:$Q26,MATCH($B$3,$D$4:$Q$4,0)-1),""),"") | T26: =IFERROR(IF(S26="","",IF(AND(INDEX($D26:$Q26,MATCH($B$3,$D$4:$Q$4,0)+1)=0,INDEX($D26:$Q26,MATCH($B$3,$D$4:$Q$4,0)-1)>0),"WENT TO ZERO",IF(AND(INDEX($D26:$Q26,MATCH($B$3,$D$4:$Q$4,0)-1)=0,INDEX($D26:$Q26,MATCH($B$3,$D$4:$Q$4,0)+1)>0),"NEW ENTRY",IF(INDEX($D26:$Q26,MATCH($B$3,$D$4:$Q$4,0)-1)=0,"absent",IF(S26/INDEX($D26:$Q26,MATCH($B$3,$D$4:$Q$4,0)-1)<-0.2,"FREQUENCY LOSS",IF(AND(R26<-0.1,S26>=0),"WIN",IF(R26>0.1,"LOSS",IF(S26/INDEX($D26:$Q26,MATCH($B$3,$D$4:$Q$4,0)-1)>0.2,"FREQUENCY GAIN","hold")))))))),"")
A27: community colleges in cedar valley | B27: Location — city | C27: ChatGPT | D27: 1 | E27: 31 | F27: 1 | G27: 31 | R27: =IFERROR(IF(AND(ISNUMBER(INDEX($D27:$Q27,MATCH($B$3,$D$4:$Q$4,0))),ISNUMBER(INDEX($D27:$Q27,MATCH($B$3,$D$4:$Q$4,0)-2))),INDEX($D27:$Q27,MATCH($B$3,$D$4:$Q$4,0))-INDEX($D27:$Q27,MATCH($B$3,$D$4:$Q$4,0)-2),""),"") | S27: =IFERROR(IF(AND(ISNUMBER(INDEX($D27:$Q27,MATCH($B$3,$D$4:$Q$4,0)+1)),ISNUMBER(INDEX($D27:$Q27,MATCH($B$3,$D$4:$Q$4,0)-1))),INDEX($D27:$Q27,MATCH($B$3,$D$4:$Q$4,0)+1)-INDEX($D27:$Q27,MATCH($B$3,$D$4:$Q$4,0)-1),""),"") | T27: =IFERROR(IF(S27="","",IF(AND(INDEX($D27:$Q27,MATCH($B$3,$D$4:$Q$4,0)+1)=0,INDEX($D27:$Q27,MATCH($B$3,$D$4:$Q$4,0)-1)>0),"WENT TO ZERO",IF(AND(INDEX($D27:$Q27,MATCH($B$3,$D$4:$Q$4,0)-1)=0,INDEX($D27:$Q27,MATCH($B$3,$D$4:$Q$4,0)+1)>0),"NEW ENTRY",IF(INDEX($D27:$Q27,MATCH($B$3,$D$4:$Q$4,0)-1)=0,"absent",IF(S27/INDEX($D27:$Q27,MATCH($B$3,$D$4:$Q$4,0)-1)<-0.2,"FREQUENCY LOSS",IF(AND(R27<-0.1,S27>=0),"WIN",IF(R27>0.1,"LOSS",IF(S27/INDEX($D27:$Q27,MATCH($B$3,$D$4:$Q$4,0)-1)>0.2,"FREQUENCY GAIN","hold")))))))),"")
A28: community colleges in cedar valley | B28: Location — city | C28: Gemini | D28: 1 | E28: 29 | F28: 1 | G28: 31 | R28: =IFERROR(IF(AND(ISNUMBER(INDEX($D28:$Q28,MATCH($B$3,$D$4:$Q$4,0))),ISNUMBER(INDEX($D28:$Q28,MATCH($B$3,$D$4:$Q$4,0)-2))),INDEX($D28:$Q28,MATCH($B$3,$D$4:$Q$4,0))-INDEX($D28:$Q28,MATCH($B$3,$D$4:$Q$4,0)-2),""),"") | S28: =IFERROR(IF(AND(ISNUMBER(INDEX($D28:$Q28,MATCH($B$3,$D$4:$Q$4,0)+1)),ISNUMBER(INDEX($D28:$Q28,MATCH($B$3,$D$4:$Q$4,0)-1))),INDEX($D28:$Q28,MATCH($B$3,$D$4:$Q$4,0)+1)-INDEX($D28:$Q28,MATCH($B$3,$D$4:$Q$4,0)-1),""),"") | T28: =IFERROR(IF(S28="","",IF(AND(INDEX($D28:$Q28,MATCH($B$3,$D$4:$Q$4,0)+1)=0,INDEX($D28:$Q28,MATCH($B$3,$D$4:$Q$4,0)-1)>0),"WENT TO ZERO",IF(AND(INDEX($D28:$Q28,MATCH($B$3,$D$4:$Q$4,0)-1)=0,INDEX($D28:$Q28,MATCH($B$3,$D$4:$Q$4,0)+1)>0),"NEW ENTRY",IF(INDEX($D28:$Q28,MATCH($B$3,$D$4:$Q$4,0)-1)=0,"absent",IF(S28/INDEX($D28:$Q28,MATCH($B$3,$D$4:$Q$4,0)-1)<-0.2,"FREQUENCY LOSS",IF(AND(R28<-0.1,S28>=0),"WIN",IF(R28>0.1,"LOSS",IF(S28/INDEX($D28:$Q28,MATCH($B$3,$D$4:$Q$4,0)-1)>0.2,"FREQUENCY GAIN","hold")))))))),"")
A29: community colleges in cedar valley | B29: Location — city | C29: Google AI Overview | D29: 1 | E29: 1 | R29: =IFERROR(IF(AND(ISNUMBER(INDEX($D29:$Q29,MATCH($B$3,$D$4:$Q$4,0))),ISNUMBER(INDEX($D29:$Q29,MATCH($B$3,$D$4:$Q$4,0)-2))),INDEX($D29:$Q29,MATCH($B$3,$D$4:$Q$4,0))-INDEX($D29:$Q29,MATCH($B$3,$D$4:$Q$4,0)-2),""),"") | S29: =IFERROR(IF(AND(ISNUMBER(INDEX($D29:$Q29,MATCH($B$3,$D$4:$Q$4,0)+1)),ISNUMBER(INDEX($D29:$Q29,MATCH($B$3,$D$4:$Q$4,0)-1))),INDEX($D29:$Q29,MATCH($B$3,$D$4:$Q$4,0)+1)-INDEX($D29:$Q29,MATCH($B$3,$D$4:$Q$4,0)-1),""),"") | T29: =IFERROR(IF(S29="","",IF(AND(INDEX($D29:$Q29,MATCH($B$3,$D$4:$Q$4,0)+1)=0,INDEX($D29:$Q29,MATCH($B$3,$D$4:$Q$4,0)-1)>0),"WENT TO ZERO",IF(AND(INDEX($D29:$Q29,MATCH($B$3,$D$4:$Q$4,0)-1)=0,INDEX($D29:$Q29,MATCH($B$3,$D$4:$Q$4,0)+1)>0),"NEW ENTRY",IF(INDEX($D29:$Q29,MATCH($B$3,$D$4:$Q$4,0)-1)=0,"absent",IF(S29/INDEX($D29:$Q29,MATCH($B$3,$D$4:$Q$4,0)-1)<-0.2,"FREQUENCY LOSS",IF(AND(R29<-0.1,S29>=0),"WIN",IF(R29>0.1,"LOSS",IF(S29/INDEX($D29:$Q29,MATCH($B$3,$D$4:$Q$4,0)-1)>0.2,"FREQUENCY GAIN","hold")))))))),"")
A30: community colleges that offer surgical technology | B30: Surgical tech | C30: ChatGPT | D30: 1.06 | E30: 31 | F30: 1.05 | G30: 31 | R30: =IFERROR(IF(AND(ISNUMBER(INDEX($D30:$Q30,MATCH($B$3,$D$4:$Q$4,0))),ISNUMBER(INDEX($D30:$Q30,MATCH($B$3,$D$4:$Q$4,0)-2))),INDEX($D30:$Q30,MATCH($B$3,$D$4:$Q$4,0))-INDEX($D30:$Q30,MATCH($B$3,$D$4:$Q$4,0)-2),""),"") | S30: =IFERROR(IF(AND(ISNUMBER(INDEX($D30:$Q30,MATCH($B$3,$D$4:$Q$4,0)+1)),ISNUMBER(INDEX($D30:$Q30,MATCH($B$3,$D$4:$Q$4,0)-1))),INDEX($D30:$Q30,MATCH($B$3,$D$4:$Q$4,0)+1)-INDEX($D30:$Q30,MATCH($B$3,$D$4:$Q$4,0)-1),""),"") | T30: =IFERROR(IF(S30="","",IF(AND(INDEX($D30:$Q30,MATCH($B$3,$D$4:$Q$4,0)+1)=0,INDEX($D30:$Q30,MATCH($B$3,$D$4:$Q$4,0)-1)>0),"WENT TO ZERO",IF(AND(INDEX($D30:$Q30,MATCH($B$3,$D$4:$Q$4,0)-1)=0,INDEX($D30:$Q30,MATCH($B$3,$D$4:$Q$4,0)+1)>0),"NEW ENTRY",IF(INDEX($D30:$Q30,MATCH($B$3,$D$4:$Q$4,0)-1)=0,"absent",IF(S30/INDEX($D30:$Q30,MATCH($B$3,$D$4:$Q$4,0)-1)<-0.2,"FREQUENCY LOSS",IF(AND(R30<-0.1,S30>=0),"WIN",IF(R30>0.1,"LOSS",IF(S30/INDEX($D30:$Q30,MATCH($B$3,$D$4:$Q$4,0)-1)>0.2,"FREQUENCY GAIN","hold")))))))),"")
A31: community colleges that offer surgical technology | B31: Surgical tech | C31: Gemini | D31: 1 | E31: 31 | F31: 1 | G31: 30 | R31: =IFERROR(IF(AND(ISNUMBER(INDEX($D31:$Q31,MATCH($B$3,$D$4:$Q$4,0))),ISNUMBER(INDEX($D31:$Q31,MATCH($B$3,$D$4:$Q$4,0)-2))),INDEX($D31:$Q31,MATCH($B$3,$D$4:$Q$4,0))-INDEX($D31:$Q31,MATCH($B$3,$D$4:$Q$4,0)-2),""),"") | S31: =IFERROR(IF(AND(ISNUMBER(INDEX($D31:$Q31,MATCH($B$3,$D$4:$Q$4,0)+1)),ISNUMBER(INDEX($D31:$Q31,MATCH($B$3,$D$4:$Q$4,0)-1))),INDEX($D31:$Q31,MATCH($B$3,$D$4:$Q$4,0)+1)-INDEX($D31:$Q31,MATCH($B$3,$D$4:$Q$4,0)-1),""),"") | T31: =IFERROR(IF(S31="","",IF(AND(INDEX($D31:$Q31,MATCH($B$3,$D$4:$Q$4,0)+1)=0,INDEX($D31:$Q31,MATCH($B$3,$D$4:$Q$4,0)-1)>0),"WENT TO ZERO",IF(AND(INDEX($D31:$Q31,MATCH($B$3,$D$4:$Q$4,0)-1)=0,INDEX($D31:$Q31,MATCH($B$3,$D$4:$Q$4,0)+1)>0),"NEW ENTRY",IF(INDEX($D31:$Q31,MATCH($B$3,$D$4:$Q$4,0)-1)=0,"absent",IF(S31/INDEX($D31:$Q31,MATCH($B$3,$D$4:$Q$4,0)-1)<-0.2,"FREQUENCY LOSS",IF(AND(R31<-0.1,S31>=0),"WIN",IF(R31>0.1,"LOSS",IF(S31/INDEX($D31:$Q31,MATCH($B$3,$D$4:$Q$4,0)-1)>0.2,"FREQUENCY GAIN","hold")))))))),"")
A32: community colleges that offer surgical technology | B32: Surgical tech | C32: Google AI Overview | D32: 1 | E32: 21 | F32: 1.21 | G32: 31 | R32: =IFERROR(IF(AND(ISNUMBER(INDEX($D32:$Q32,MATCH($B$3,$D$4:$Q$4,0))),ISNUMBER(INDEX($D32:$Q32,MATCH($B$3,$D$4:$Q$4,0)-2))),INDEX($D32:$Q32,MATCH($B$3,$D$4:$Q$4,0))-INDEX($D32:$Q32,MATCH($B$3,$D$4:$Q$4,0)-2),""),"") | S32: =IFERROR(IF(AND(ISNUMBER(INDEX($D32:$Q32,MATCH($B$3,$D$4:$Q$4,0)+1)),ISNUMBER(INDEX($D32:$Q32,MATCH($B$3,$D$4:$Q$4,0)-1))),INDEX($D32:$Q32,MATCH($B$3,$D$4:$Q$4,0)+1)-INDEX($D32:$Q32,MATCH($B$3,$D$4:$Q$4,0)-1),""),"") | T32: =IFERROR(IF(S32="","",IF(AND(INDEX($D32:$Q32,MATCH($B$3,$D$4:$Q$4,0)+1)=0,INDEX($D32:$Q32,MATCH($B$3,$D$4:$Q$4,0)-1)>0),"WENT TO ZERO",IF(AND(INDEX($D32:$Q32,MATCH($B$3,$D$4:$Q$4,0)-1)=0,INDEX($D32:$Q32,MATCH($B$3,$D$4:$Q$4,0)+1)>0),"NEW ENTRY",IF(INDEX($D32:$Q32,MATCH($B$3,$D$4:$Q$4,0)-1)=0,"absent",IF(S32/INDEX($D32:$Q32,MATCH($B$3,$D$4:$Q$4,0)-1)<-0.2,"FREQUENCY LOSS",IF(AND(R32<-0.1,S32>=0),"WIN",IF(R32>0.1,"LOSS",IF(S32/INDEX($D32:$Q32,MATCH($B$3,$D$4:$Q$4,0)-1)>0.2,"FREQUENCY GAIN","hold")))))))),"")
A33: veterinary technician degree | B33: Vet tech | C33: ChatGPT | D33: 1 | E33: 22 | F33: 1 | G33: 26 | R33: =IFERROR(IF(AND(ISNUMBER(INDEX($D33:$Q33,MATCH($B$3,$D$4:$Q$4,0))),ISNUMBER(INDEX($D33:$Q33,MATCH($B$3,$D$4:$Q$4,0)-2))),INDEX($D33:$Q33,MATCH($B$3,$D$4:$Q$4,0))-INDEX($D33:$Q33,MATCH($B$3,$D$4:$Q$4,0)-2),""),"") | S33: =IFERROR(IF(AND(ISNUMBER(INDEX($D33:$Q33,MATCH($B$3,$D$4:$Q$4,0)+1)),ISNUMBER(INDEX($D33:$Q33,MATCH($B$3,$D$4:$Q$4,0)-1))),INDEX($D33:$Q33,MATCH($B$3,$D$4:$Q$4,0)+1)-INDEX($D33:$Q33,MATCH($B$3,$D$4:$Q$4,0)-1),""),"") | T33: =IFERROR(IF(S33="","",IF(AND(INDEX($D33:$Q33,MATCH($B$3,$D$4:$Q$4,0)+1)=0,INDEX($D33:$Q33,MATCH($B$3,$D$4:$Q$4,0)-1)>0),"WENT TO ZERO",IF(AND(INDEX($D33:$Q33,MATCH($B$3,$D$4:$Q$4,0)-1)=0,INDEX($D33:$Q33,MATCH($B$3,$D$4:$Q$4,0)+1)>0),"NEW ENTRY",IF(INDEX($D33:$Q33,MATCH($B$3,$D$4:$Q$4,0)-1)=0,"absent",IF(S33/INDEX($D33:$Q33,MATCH($B$3,$D$4:$Q$4,0)-1)<-0.2,"FREQUENCY LOSS",IF(AND(R33<-0.1,S33>=0),"WIN",IF(R33>0.1,"LOSS",IF(S33/INDEX($D33:$Q33,MATCH($B$3,$D$4:$Q$4,0)-1)>0.2,"FREQUENCY GAIN","hold")))))))),"")
A34: veterinary technician degree | B34: Vet tech | C34: Gemini | D34: 1.05 | E34: 30 | F34: 1 | G34: 29 | R34: =IFERROR(IF(AND(ISNUMBER(INDEX($D34:$Q34,MATCH($B$3,$D$4:$Q$4,0))),ISNUMBER(INDEX($D34:$Q34,MATCH($B$3,$D$4:$Q$4,0)-2))),INDEX($D34:$Q34,MATCH($B$3,$D$4:$Q$4,0))-INDEX($D34:$Q34,MATCH($B$3,$D$4:$Q$4,0)-2),""),"") | S34: =IFERROR(IF(AND(ISNUMBER(INDEX($D34:$Q34,MATCH($B$3,$D$4:$Q$4,0)+1)),ISNUMBER(INDEX($D34:$Q34,MATCH($B$3,$D$4:$Q$4,0)-1))),INDEX($D34:$Q34,MATCH($B$3,$D$4:$Q$4,0)+1)-INDEX($D34:$Q34,MATCH($B$3,$D$4:$Q$4,0)-1),""),"") | T34: =IFERROR(IF(S34="","",IF(AND(INDEX($D34:$Q34,MATCH($B$3,$D$4:$Q$4,0)+1)=0,INDEX($D34:$Q34,MATCH($B$3,$D$4:$Q$4,0)-1)>0),"WENT TO ZERO",IF(AND(INDEX($D34:$Q34,MATCH($B$3,$D$4:$Q$4,0)-1)=0,INDEX($D34:$Q34,MATCH($B$3,$D$4:$Q$4,0)+1)>0),"NEW ENTRY",IF(INDEX($D34:$Q34,MATCH($B$3,$D$4:$Q$4,0)-1)=0,"absent",IF(S34/INDEX($D34:$Q34,MATCH($B$3,$D$4:$Q$4,0)-1)<-0.2,"FREQUENCY LOSS",IF(AND(R34<-0.1,S34>=0),"WIN",IF(R34>0.1,"LOSS",IF(S34/INDEX($D34:$Q34,MATCH($B$3,$D$4:$Q$4,0)-1)>0.2,"FREQUENCY GAIN","hold")))))))),"")
A35: veterinary technician degree | B35: Vet tech | C35: Google AI Overview | D35: 1.33 | E35: 26 | F35: 1 | G35: 30 | R35: =IFERROR(IF(AND(ISNUMBER(INDEX($D35:$Q35,MATCH($B$3,$D$4:$Q$4,0))),ISNUMBER(INDEX($D35:$Q35,MATCH($B$3,$D$4:$Q$4,0)-2))),INDEX($D35:$Q35,MATCH($B$3,$D$4:$Q$4,0))-INDEX($D35:$Q35,MATCH($B$3,$D$4:$Q$4,0)-2),""),"") | S35: =IFERROR(IF(AND(ISNUMBER(INDEX($D35:$Q35,MATCH($B$3,$D$4:$Q$4,0)+1)),ISNUMBER(INDEX($D35:$Q35,MATCH($B$3,$D$4:$Q$4,0)-1))),INDEX($D35:$Q35,MATCH($B$3,$D$4:$Q$4,0)+1)-INDEX($D35:$Q35,MATCH($B$3,$D$4:$Q$4,0)-1),""),"") | T35: =IFERROR(IF(S35="","",IF(AND(INDEX($D35:$Q35,MATCH($B$3,$D$4:$Q$4,0)+1)=0,INDEX($D35:$Q35,MATCH($B$3,$D$4:$Q$4,0)-1)>0),"WENT TO ZERO",IF(AND(INDEX($D35:$Q35,MATCH($B$3,$D$4:$Q$4,0)-1)=0,INDEX($D35:$Q35,MATCH($B$3,$D$4:$Q$4,0)+1)>0),"NEW ENTRY",IF(INDEX($D35:$Q35,MATCH($B$3,$D$4:$Q$4,0)-1)=0,"absent",IF(S35/INDEX($D35:$Q35,MATCH($B$3,$D$4:$Q$4,0)-1)<-0.2,"FREQUENCY LOSS",IF(AND(R35<-0.1,S35>=0),"WIN",IF(R35>0.1,"LOSS",IF(S35/INDEX($D35:$Q35,MATCH($B$3,$D$4:$Q$4,0)-1)>0.2,"FREQUENCY GAIN","hold")))))))),"")
A36: pharmacy technician program | B36: Pharmacy tech | C36: ChatGPT | D36: 1.14 | E36: 28 | F36: 1 | G36: 31 | R36: =IFERROR(IF(AND(ISNUMBER(INDEX($D36:$Q36,MATCH($B$3,$D$4:$Q$4,0))),ISNUMBER(INDEX($D36:$Q36,MATCH($B$3,$D$4:$Q$4,0)-2))),INDEX($D36:$Q36,MATCH($B$3,$D$4:$Q$4,0))-INDEX($D36:$Q36,MATCH($B$3,$D$4:$Q$4,0)-2),""),"") | S36: =IFERROR(IF(AND(ISNUMBER(INDEX($D36:$Q36,MATCH($B$3,$D$4:$Q$4,0)+1)),ISNUMBER(INDEX($D36:$Q36,MATCH($B$3,$D$4:$Q$4,0)-1))),INDEX($D36:$Q36,MATCH($B$3,$D$4:$Q$4,0)+1)-INDEX($D36:$Q36,MATCH($B$3,$D$4:$Q$4,0)-1),""),"") | T36: =IFERROR(IF(S36="","",IF(AND(INDEX($D36:$Q36,MATCH($B$3,$D$4:$Q$4,0)+1)=0,INDEX($D36:$Q36,MATCH($B$3,$D$4:$Q$4,0)-1)>0),"WENT TO ZERO",IF(AND(INDEX($D36:$Q36,MATCH($B$3,$D$4:$Q$4,0)-1)=0,INDEX($D36:$Q36,MATCH($B$3,$D$4:$Q$4,0)+1)>0),"NEW ENTRY",IF(INDEX($D36:$Q36,MATCH($B$3,$D$4:$Q$4,0)-1)=0,"absent",IF(S36/INDEX($D36:$Q36,MATCH($B$3,$D$4:$Q$4,0)-1)<-0.2,"FREQUENCY LOSS",IF(AND(R36<-0.1,S36>=0),"WIN",IF(R36>0.1,"LOSS",IF(S36/INDEX($D36:$Q36,MATCH($B$3,$D$4:$Q$4,0)-1)>0.2,"FREQUENCY GAIN","hold")))))))),"")
A37: pharmacy technician program | B37: Pharmacy tech | C37: Gemini | D37: 1 | E37: 30 | F37: 1 | G37: 29 | R37: =IFERROR(IF(AND(ISNUMBER(INDEX($D37:$Q37,MATCH($B$3,$D$4:$Q$4,0))),ISNUMBER(INDEX($D37:$Q37,MATCH($B$3,$D$4:$Q$4,0)-2))),INDEX($D37:$Q37,MATCH($B$3,$D$4:$Q$4,0))-INDEX($D37:$Q37,MATCH($B$3,$D$4:$Q$4,0)-2),""),"") | S37: =IFERROR(IF(AND(ISNUMBER(INDEX($D37:$Q37,MATCH($B$3,$D$4:$Q$4,0)+1)),ISNUMBER(INDEX($D37:$Q37,MATCH($B$3,$D$4:$Q$4,0)-1))),INDEX($D37:$Q37,MATCH($B$3,$D$4:$Q$4,0)+1)-INDEX($D37:$Q37,MATCH($B$3,$D$4:$Q$4,0)-1),""),"") | T37: =IFERROR(IF(S37="","",IF(AND(INDEX($D37:$Q37,MATCH($B$3,$D$4:$Q$4,0)+1)=0,INDEX($D37:$Q37,MATCH($B$3,$D$4:$Q$4,0)-1)>0),"WENT TO ZERO",IF(AND(INDEX($D37:$Q37,MATCH($B$3,$D$4:$Q$4,0)-1)=0,INDEX($D37:$Q37,MATCH($B$3,$D$4:$Q$4,0)+1)>0),"NEW ENTRY",IF(INDEX($D37:$Q37,MATCH($B$3,$D$4:$Q$4,0)-1)=0,"absent",IF(S37/INDEX($D37:$Q37,MATCH($B$3,$D$4:$Q$4,0)-1)<-0.2,"FREQUENCY LOSS",IF(AND(R37<-0.1,S37>=0),"WIN",IF(R37>0.1,"LOSS",IF(S37/INDEX($D37:$Q37,MATCH($B$3,$D$4:$Q$4,0)-1)>0.2,"FREQUENCY GAIN","hold")))))))),"")
A38: pharmacy technician program | B38: Pharmacy tech | C38: Google AI Overview | E38: 0 | G38: 0 | R38: =IFERROR(IF(AND(ISNUMBER(INDEX($D38:$Q38,MATCH($B$3,$D$4:$Q$4,0))),ISNUMBER(INDEX($D38:$Q38,MATCH($B$3,$D$4:$Q$4,0)-2))),INDEX($D38:$Q38,MATCH($B$3,$D$4:$Q$4,0))-INDEX($D38:$Q38,MATCH($B$3,$D$4:$Q$4,0)-2),""),"") | S38: =IFERROR(IF(AND(ISNUMBER(INDEX($D38:$Q38,MATCH($B$3,$D$4:$Q$4,0)+1)),ISNUMBER(INDEX($D38:$Q38,MATCH($B$3,$D$4:$Q$4,0)-1))),INDEX($D38:$Q38,MATCH($B$3,$D$4:$Q$4,0)+1)-INDEX($D38:$Q38,MATCH($B$3,$D$4:$Q$4,0)-1),""),"") | T38: =IFERROR(IF(S38="","",IF(AND(INDEX($D38:$Q38,MATCH($B$3,$D$4:$Q$4,0)+1)=0,INDEX($D38:$Q38,MATCH($B$3,$D$4:$Q$4,0)-1)>0),"WENT TO ZERO",IF(AND(INDEX($D38:$Q38,MATCH($B$3,$D$4:$Q$4,0)-1)=0,INDEX($D38:$Q38,MATCH($B$3,$D$4:$Q$4,0)+1)>0),"NEW ENTRY",IF(INDEX($D38:$Q38,MATCH($B$3,$D$4:$Q$4,0)-1)=0,"absent",IF(S38/INDEX($D38:$Q38,MATCH($B$3,$D$4:$Q$4,0)-1)<-0.2,"FREQUENCY LOSS",IF(AND(R38<-0.1,S38>=0),"WIN",IF(R38>0.1,"LOSS",IF(S38/INDEX($D38:$Q38,MATCH($B$3,$D$4:$Q$4,0)-1)>0.2,"FREQUENCY GAIN","hold")))))))),"")
A39: lpn programs near me | B39: Nursing — LPN | C39: ChatGPT | D39: 1 | E39: 31 | F39: 1.04 | G39: 30 | R39: =IFERROR(IF(AND(ISNUMBER(INDEX($D39:$Q39,MATCH($B$3,$D$4:$Q$4,0))),ISNUMBER(INDEX($D39:$Q39,MATCH($B$3,$D$4:$Q$4,0)-2))),INDEX($D39:$Q39,MATCH($B$3,$D$4:$Q$4,0))-INDEX($D39:$Q39,MATCH($B$3,$D$4:$Q$4,0)-2),""),"") | S39: =IFERROR(IF(AND(ISNUMBER(INDEX($D39:$Q39,MATCH($B$3,$D$4:$Q$4,0)+1)),ISNUMBER(INDEX($D39:$Q39,MATCH($B$3,$D$4:$Q$4,0)-1))),INDEX($D39:$Q39,MATCH($B$3,$D$4:$Q$4,0)+1)-INDEX($D39:$Q39,MATCH($B$3,$D$4:$Q$4,0)-1),""),"") | T39: =IFERROR(IF(S39="","",IF(AND(INDEX($D39:$Q39,MATCH($B$3,$D$4:$Q$4,0)+1)=0,INDEX($D39:$Q39,MATCH($B$3,$D$4:$Q$4,0)-1)>0),"WENT TO ZERO",IF(AND(INDEX($D39:$Q39,MATCH($B$3,$D$4:$Q$4,0)-1)=0,INDEX($D39:$Q39,MATCH($B$3,$D$4:$Q$4,0)+1)>0),"NEW ENTRY",IF(INDEX($D39:$Q39,MATCH($B$3,$D$4:$Q$4,0)-1)=0,"absent",IF(S39/INDEX($D39:$Q39,MATCH($B$3,$D$4:$Q$4,0)-1)<-0.2,"FREQUENCY LOSS",IF(AND(R39<-0.1,S39>=0),"WIN",IF(R39>0.1,"LOSS",IF(S39/INDEX($D39:$Q39,MATCH($B$3,$D$4:$Q$4,0)-1)>0.2,"FREQUENCY GAIN","hold")))))))),"")
A40: lpn programs near me | B40: Nursing — LPN | C40: Gemini | D40: 1 | E40: 30 | F40: 1.06 | G40: 30 | R40: =IFERROR(IF(AND(ISNUMBER(INDEX($D40:$Q40,MATCH($B$3,$D$4:$Q$4,0))),ISNUMBER(INDEX($D40:$Q40,MATCH($B$3,$D$4:$Q$4,0)-2))),INDEX($D40:$Q40,MATCH($B$3,$D$4:$Q$4,0))-INDEX($D40:$Q40,MATCH($B$3,$D$4:$Q$4,0)-2),""),"") | S40: =IFERROR(IF(AND(ISNUMBER(INDEX($D40:$Q40,MATCH($B$3,$D$4:$Q$4,0)+1)),ISNUMBER(INDEX($D40:$Q40,MATCH($B$3,$D$4:$Q$4,0)-1))),INDEX($D40:$Q40,MATCH($B$3,$D$4:$Q$4,0)+1)-INDEX($D40:$Q40,MATCH($B$3,$D$4:$Q$4,0)-1),""),"") | T40: =IFERROR(IF(S40="","",IF(AND(INDEX($D40:$Q40,MATCH($B$3,$D$4:$Q$4,0)+1)=0,INDEX($D40:$Q40,MATCH($B$3,$D$4:$Q$4,0)-1)>0),"WENT TO ZERO",IF(AND(INDEX($D40:$Q40,MATCH($B$3,$D$4:$Q$4,0)-1)=0,INDEX($D40:$Q40,MATCH($B$3,$D$4:$Q$4,0)+1)>0),"NEW ENTRY",IF(INDEX($D40:$Q40,MATCH($B$3,$D$4:$Q$4,0)-1)=0,"absent",IF(S40/INDEX($D40:$Q40,MATCH($B$3,$D$4:$Q$4,0)-1)<-0.2,"FREQUENCY LOSS",IF(AND(R40<-0.1,S40>=0),"WIN",IF(R40>0.1,"LOSS",IF(S40/INDEX($D40:$Q40,MATCH($B$3,$D$4:$Q$4,0)-1)>0.2,"FREQUENCY GAIN","hold")))))))),"")
A41: lpn programs near me | B41: Nursing — LPN | C41: Google AI Overview | D41: 1 | E41: 13 | F41: 1 | G41: 23 | R41: =IFERROR(IF(AND(ISNUMBER(INDEX($D41:$Q41,MATCH($B$3,$D$4:$Q$4,0))),ISNUMBER(INDEX($D41:$Q41,MATCH($B$3,$D$4:$Q$4,0)-2))),INDEX($D41:$Q41,MATCH($B$3,$D$4:$Q$4,0))-INDEX($D41:$Q41,MATCH($B$3,$D$4:$Q$4,0)-2),""),"") | S41: =IFERROR(IF(AND(ISNUMBER(INDEX($D41:$Q41,MATCH($B$3,$D$4:$Q$4,0)+1)),ISNUMBER(INDEX($D41:$Q41,MATCH($B$3,$D$4:$Q$4,0)-1))),INDEX($D41:$Q41,MATCH($B$3,$D$4:$Q$4,0)+1)-INDEX($D41:$Q41,MATCH($B$3,$D$4:$Q$4,0)-1),""),"") | T41: =IFERROR(IF(S41="","",IF(AND(INDEX($D41:$Q41,MATCH($B$3,$D$4:$Q$4,0)+1)=0,INDEX($D41:$Q41,MATCH($B$3,$D$4:$Q$4,0)-1)>0),"WENT TO ZERO",IF(AND(INDEX($D41:$Q41,MATCH($B$3,$D$4:$Q$4,0)-1)=0,INDEX($D41:$Q41,MATCH($B$3,$D$4:$Q$4,0)+1)>0),"NEW ENTRY",IF(INDEX($D41:$Q41,MATCH($B$3,$D$4:$Q$4,0)-1)=0,"absent",IF(S41/INDEX($D41:$Q41,MATCH($B$3,$D$4:$Q$4,0)-1)<-0.2,"FREQUENCY LOSS",IF(AND(R41<-0.1,S41>=0),"WIN",IF(R41>0.1,"LOSS",IF(S41/INDEX($D41:$Q41,MATCH($B$3,$D$4:$Q$4,0)-1)>0.2,"FREQUENCY GAIN","hold")))))))),"")
A42: medical coding classes online | B42: ONLINE — medical coding | C42: ChatGPT | D42: 2.86 | E42: 13 | F42: 1 | G42: 3 | R42: =IFERROR(IF(AND(ISNUMBER(INDEX($D42:$Q42,MATCH($B$3,$D$4:$Q$4,0))),ISNUMBER(INDEX($D42:$Q42,MATCH($B$3,$D$4:$Q$4,0)-2))),INDEX($D42:$Q42,MATCH($B$3,$D$4:$Q$4,0))-INDEX($D42:$Q42,MATCH($B$3,$D$4:$Q$4,0)-2),""),"") | S42: =IFERROR(IF(AND(ISNUMBER(INDEX($D42:$Q42,MATCH($B$3,$D$4:$Q$4,0)+1)),ISNUMBER(INDEX($D42:$Q42,MATCH($B$3,$D$4:$Q$4,0)-1))),INDEX($D42:$Q42,MATCH($B$3,$D$4:$Q$4,0)+1)-INDEX($D42:$Q42,MATCH($B$3,$D$4:$Q$4,0)-1),""),"") | T42: =IFERROR(IF(S42="","",IF(AND(INDEX($D42:$Q42,MATCH($B$3,$D$4:$Q$4,0)+1)=0,INDEX($D42:$Q42,MATCH($B$3,$D$4:$Q$4,0)-1)>0),"WENT TO ZERO",IF(AND(INDEX($D42:$Q42,MATCH($B$3,$D$4:$Q$4,0)-1)=0,INDEX($D42:$Q42,MATCH($B$3,$D$4:$Q$4,0)+1)>0),"NEW ENTRY",IF(INDEX($D42:$Q42,MATCH($B$3,$D$4:$Q$4,0)-1)=0,"absent",IF(S42/INDEX($D42:$Q42,MATCH($B$3,$D$4:$Q$4,0)-1)<-0.2,"FREQUENCY LOSS",IF(AND(R42<-0.1,S42>=0),"WIN",IF(R42>0.1,"LOSS",IF(S42/INDEX($D42:$Q42,MATCH($B$3,$D$4:$Q$4,0)-1)>0.2,"FREQUENCY GAIN","hold")))))))),"")
A43: medical coding classes online | B43: ONLINE — medical coding | C43: Gemini | D43: 1.99 | E43: 29 | F43: 1.17 | G43: 27 | R43: =IFERROR(IF(AND(ISNUMBER(INDEX($D43:$Q43,MATCH($B$3,$D$4:$Q$4,0))),ISNUMBER(INDEX($D43:$Q43,MATCH($B$3,$D$4:$Q$4,0)-2))),INDEX($D43:$Q43,MATCH($B$3,$D$4:$Q$4,0))-INDEX($D43:$Q43,MATCH($B$3,$D$4:$Q$4,0)-2),""),"") | S43: =IFERROR(IF(AND(ISNUMBER(INDEX($D43:$Q43,MATCH($B$3,$D$4:$Q$4,0)+1)),ISNUMBER(INDEX($D43:$Q43,MATCH($B$3,$D$4:$Q$4,0)-1))),INDEX($D43:$Q43,MATCH($B$3,$D$4:$Q$4,0)+1)-INDEX($D43:$Q43,MATCH($B$3,$D$4:$Q$4,0)-1),""),"") | T43: =IFERROR(IF(S43="","",IF(AND(INDEX($D43:$Q43,MATCH($B$3,$D$4:$Q$4,0)+1)=0,INDEX($D43:$Q43,MATCH($B$3,$D$4:$Q$4,0)-1)>0),"WENT TO ZERO",IF(AND(INDEX($D43:$Q43,MATCH($B$3,$D$4:$Q$4,0)-1)=0,INDEX($D43:$Q43,MATCH($B$3,$D$4:$Q$4,0)+1)>0),"NEW ENTRY",IF(INDEX($D43:$Q43,MATCH($B$3,$D$4:$Q$4,0)-1)=0,"absent",IF(S43/INDEX($D43:$Q43,MATCH($B$3,$D$4:$Q$4,0)-1)<-0.2,"FREQUENCY LOSS",IF(AND(R43<-0.1,S43>=0),"WIN",IF(R43>0.1,"LOSS",IF(S43/INDEX($D43:$Q43,MATCH($B$3,$D$4:$Q$4,0)-1)>0.2,"FREQUENCY GAIN","hold")))))))),"")
A44: medical coding classes online | B44: ONLINE — medical coding | C44: Google AI Overview | D44: 3.9 | E44: 20 | F44: 1.89 | G44: 15 | R44: =IFERROR(IF(AND(ISNUMBER(INDEX($D44:$Q44,MATCH($B$3,$D$4:$Q$4,0))),ISNUMBER(INDEX($D44:$Q44,MATCH($B$3,$D$4:$Q$4,0)-2))),INDEX($D44:$Q44,MATCH($B$3,$D$4:$Q$4,0))-INDEX($D44:$Q44,MATCH($B$3,$D$4:$Q$4,0)-2),""),"") | S44: =IFERROR(IF(AND(ISNUMBER(INDEX($D44:$Q44,MATCH($B$3,$D$4:$Q$4,0)+1)),ISNUMBER(INDEX($D44:$Q44,MATCH($B$3,$D$4:$Q$4,0)-1))),INDEX($D44:$Q44,MATCH($B$3,$D$4:$Q$4,0)+1)-INDEX($D44:$Q44,MATCH($B$3,$D$4:$Q$4,0)-1),""),"") | T44: =IFERROR(IF(S44="","",IF(AND(INDEX($D44:$Q44,MATCH($B$3,$D$4:$Q$4,0)+1)=0,INDEX($D44:$Q44,MATCH($B$3,$D$4:$Q$4,0)-1)>0),"WENT TO ZERO",IF(AND(INDEX($D44:$Q44,MATCH($B$3,$D$4:$Q$4,0)-1)=0,INDEX($D44:$Q44,MATCH($B$3,$D$4:$Q$4,0)+1)>0),"NEW ENTRY",IF(INDEX($D44:$Q44,MATCH($B$3,$D$4:$Q$4,0)-1)=0,"absent",IF(S44/INDEX($D44:$Q44,MATCH($B$3,$D$4:$Q$4,0)-1)<-0.2,"FREQUENCY LOSS",IF(AND(R44<-0.1,S44>=0),"WIN",IF(R44>0.1,"LOSS",IF(S44/INDEX($D44:$Q44,MATCH($B$3,$D$4:$Q$4,0)-1)>0.2,"FREQUENCY GAIN","hold")))))))),"")
A45: respiratory therapy schools near me | B45: Respiratory therapy | C45: ChatGPT | D45: 1 | E45: 31 | F45: 1 | G45: 30 | R45: =IFERROR(IF(AND(ISNUMBER(INDEX($D45:$Q45,MATCH($B$3,$D$4:$Q$4,0))),ISNUMBER(INDEX($D45:$Q45,MATCH($B$3,$D$4:$Q$4,0)-2))),INDEX($D45:$Q45,MATCH($B$3,$D$4:$Q$4,0))-INDEX($D45:$Q45,MATCH($B$3,$D$4:$Q$4,0)-2),""),"") | S45: =IFERROR(IF(AND(ISNUMBER(INDEX($D45:$Q45,MATCH($B$3,$D$4:$Q$4,0)+1)),ISNUMBER(INDEX($D45:$Q45,MATCH($B$3,$D$4:$Q$4,0)-1))),INDEX($D45:$Q45,MATCH($B$3,$D$4:$Q$4,0)+1)-INDEX($D45:$Q45,MATCH($B$3,$D$4:$Q$4,0)-1),""),"") | T45: =IFERROR(IF(S45="","",IF(AND(INDEX($D45:$Q45,MATCH($B$3,$D$4:$Q$4,0)+1)=0,INDEX($D45:$Q45,MATCH($B$3,$D$4:$Q$4,0)-1)>0),"WENT TO ZERO",IF(AND(INDEX($D45:$Q45,MATCH($B$3,$D$4:$Q$4,0)-1)=0,INDEX($D45:$Q45,MATCH($B$3,$D$4:$Q$4,0)+1)>0),"NEW ENTRY",IF(INDEX($D45:$Q45,MATCH($B$3,$D$4:$Q$4,0)-1)=0,"absent",IF(S45/INDEX($D45:$Q45,MATCH($B$3,$D$4:$Q$4,0)-1)<-0.2,"FREQUENCY LOSS",IF(AND(R45<-0.1,S45>=0),"WIN",IF(R45>0.1,"LOSS",IF(S45/INDEX($D45:$Q45,MATCH($B$3,$D$4:$Q$4,0)-1)>0.2,"FREQUENCY GAIN","hold")))))))),"")
A46: respiratory therapy schools near me | B46: Respiratory therapy | C46: Gemini | D46: 1 | E46: 31 | F46: 1 | G46: 30 | R46: =IFERROR(IF(AND(ISNUMBER(INDEX($D46:$Q46,MATCH($B$3,$D$4:$Q$4,0))),ISNUMBER(INDEX($D46:$Q46,MATCH($B$3,$D$4:$Q$4,0)-2))),INDEX($D46:$Q46,MATCH($B$3,$D$4:$Q$4,0))-INDEX($D46:$Q46,MATCH($B$3,$D$4:$Q$4,0)-2),""),"") | S46: =IFERROR(IF(AND(ISNUMBER(INDEX($D46:$Q46,MATCH($B$3,$D$4:$Q$4,0)+1)),ISNUMBER(INDEX($D46:$Q46,MATCH($B$3,$D$4:$Q$4,0)-1))),INDEX($D46:$Q46,MATCH($B$3,$D$4:$Q$4,0)+1)-INDEX($D46:$Q46,MATCH($B$3,$D$4:$Q$4,0)-1),""),"") | T46: =IFERROR(IF(S46="","",IF(AND(INDEX($D46:$Q46,MATCH($B$3,$D$4:$Q$4,0)+1)=0,INDEX($D46:$Q46,MATCH($B$3,$D$4:$Q$4,0)-1)>0),"WENT TO ZERO",IF(AND(INDEX($D46:$Q46,MATCH($B$3,$D$4:$Q$4,0)-1)=0,INDEX($D46:$Q46,MATCH($B$3,$D$4:$Q$4,0)+1)>0),"NEW ENTRY",IF(INDEX($D46:$Q46,MATCH($B$3,$D$4:$Q$4,0)-1)=0,"absent",IF(S46/INDEX($D46:$Q46,MATCH($B$3,$D$4:$Q$4,0)-1)<-0.2,"FREQUENCY LOSS",IF(AND(R46<-0.1,S46>=0),"WIN",IF(R46>0.1,"LOSS",IF(S46/INDEX($D46:$Q46,MATCH($B$3,$D$4:$Q$4,0)-1)>0.2,"FREQUENCY GAIN","hold")))))))),"")
A47: respiratory therapy schools near me | B47: Respiratory therapy | C47: Google AI Overview | D47: 1.03 | E47: 21 | F47: 1.03 | G47: 30 | R47: =IFERROR(IF(AND(ISNUMBER(INDEX($D47:$Q47,MATCH($B$3,$D$4:$Q$4,0))),ISNUMBER(INDEX($D47:$Q47,MATCH($B$3,$D$4:$Q$4,0)-2))),INDEX($D47:$Q47,MATCH($B$3,$D$4:$Q$4,0))-INDEX($D47:$Q47,MATCH($B$3,$D$4:$Q$4,0)-2),""),"") | S47: =IFERROR(IF(AND(ISNUMBER(INDEX($D47:$Q47,MATCH($B$3,$D$4:$Q$4,0)+1)),ISNUMBER(INDEX($D47:$Q47,MATCH($B$3,$D$4:$Q$4,0)-1))),INDEX($D47:$Q47,MATCH($B$3,$D$4:$Q$4,0)+1)-INDEX($D47:$Q47,MATCH($B$3,$D$4:$Q$4,0)-1),""),"") | T47: =IFERROR(IF(S47="","",IF(AND(INDEX($D47:$Q47,MATCH($B$3,$D$4:$Q$4,0)+1)=0,INDEX($D47:$Q47,MATCH($B$3,$D$4:$Q$4,0)-1)>0),"WENT TO ZERO",IF(AND(INDEX($D47:$Q47,MATCH($B$3,$D$4:$Q$4,0)-1)=0,INDEX($D47:$Q47,MATCH($B$3,$D$4:$Q$4,0)+1)>0),"NEW ENTRY",IF(INDEX($D47:$Q47,MATCH($B$3,$D$4:$Q$4,0)-1)=0,"absent",IF(S47/INDEX($D47:$Q47,MATCH($B$3,$D$4:$Q$4,0)-1)<-0.2,"FREQUENCY LOSS",IF(AND(R47<-0.1,S47>=0),"WIN",IF(R47>0.1,"LOSS",IF(S47/INDEX($D47:$Q47,MATCH($B$3,$D$4:$Q$4,0)-1)>0.2,"FREQUENCY GAIN","hold")))))))),"")
A48: night emt classes near me | B48: EMT / flexible | C48: ChatGPT | D48: 1.07 | E48: 27 | F48: 1 | G48: 30 | R48: =IFERROR(IF(AND(ISNUMBER(INDEX($D48:$Q48,MATCH($B$3,$D$4:$Q$4,0))),ISNUMBER(INDEX($D48:$Q48,MATCH($B$3,$D$4:$Q$4,0)-2))),INDEX($D48:$Q48,MATCH($B$3,$D$4:$Q$4,0))-INDEX($D48:$Q48,MATCH($B$3,$D$4:$Q$4,0)-2),""),"") | S48: =IFERROR(IF(AND(ISNUMBER(INDEX($D48:$Q48,MATCH($B$3,$D$4:$Q$4,0)+1)),ISNUMBER(INDEX($D48:$Q48,MATCH($B$3,$D$4:$Q$4,0)-1))),INDEX($D48:$Q48,MATCH($B$3,$D$4:$Q$4,0)+1)-INDEX($D48:$Q48,MATCH($B$3,$D$4:$Q$4,0)-1),""),"") | T48: =IFERROR(IF(S48="","",IF(AND(INDEX($D48:$Q48,MATCH($B$3,$D$4:$Q$4,0)+1)=0,INDEX($D48:$Q48,MATCH($B$3,$D$4:$Q$4,0)-1)>0),"WENT TO ZERO",IF(AND(INDEX($D48:$Q48,MATCH($B$3,$D$4:$Q$4,0)-1)=0,INDEX($D48:$Q48,MATCH($B$3,$D$4:$Q$4,0)+1)>0),"NEW ENTRY",IF(INDEX($D48:$Q48,MATCH($B$3,$D$4:$Q$4,0)-1)=0,"absent",IF(S48/INDEX($D48:$Q48,MATCH($B$3,$D$4:$Q$4,0)-1)<-0.2,"FREQUENCY LOSS",IF(AND(R48<-0.1,S48>=0),"WIN",IF(R48>0.1,"LOSS",IF(S48/INDEX($D48:$Q48,MATCH($B$3,$D$4:$Q$4,0)-1)>0.2,"FREQUENCY GAIN","hold")))))))),"")
A49: night emt classes near me | B49: EMT / flexible | C49: Gemini | D49: 1.09 | E49: 31 | F49: 1 | G49: 31 | R49: =IFERROR(IF(AND(ISNUMBER(INDEX($D49:$Q49,MATCH($B$3,$D$4:$Q$4,0))),ISNUMBER(INDEX($D49:$Q49,MATCH($B$3,$D$4:$Q$4,0)-2))),INDEX($D49:$Q49,MATCH($B$3,$D$4:$Q$4,0))-INDEX($D49:$Q49,MATCH($B$3,$D$4:$Q$4,0)-2),""),"") | S49: =IFERROR(IF(AND(ISNUMBER(INDEX($D49:$Q49,MATCH($B$3,$D$4:$Q$4,0)+1)),ISNUMBER(INDEX($D49:$Q49,MATCH($B$3,$D$4:$Q$4,0)-1))),INDEX($D49:$Q49,MATCH($B$3,$D$4:$Q$4,0)+1)-INDEX($D49:$Q49,MATCH($B$3,$D$4:$Q$4,0)-1),""),"") | T49: =IFERROR(IF(S49="","",IF(AND(INDEX($D49:$Q49,MATCH($B$3,$D$4:$Q$4,0)+1)=0,INDEX($D49:$Q49,MATCH($B$3,$D$4:$Q$4,0)-1)>0),"WENT TO ZERO",IF(AND(INDEX($D49:$Q49,MATCH($B$3,$D$4:$Q$4,0)-1)=0,INDEX($D49:$Q49,MATCH($B$3,$D$4:$Q$4,0)+1)>0),"NEW ENTRY",IF(INDEX($D49:$Q49,MATCH($B$3,$D$4:$Q$4,0)-1)=0,"absent",IF(S49/INDEX($D49:$Q49,MATCH($B$3,$D$4:$Q$4,0)-1)<-0.2,"FREQUENCY LOSS",IF(AND(R49<-0.1,S49>=0),"WIN",IF(R49>0.1,"LOSS",IF(S49/INDEX($D49:$Q49,MATCH($B$3,$D$4:$Q$4,0)-1)>0.2,"FREQUENCY GAIN","hold")))))))),"")
A50: night emt classes near me | B50: EMT / flexible | C50: Google AI Overview | D50: 1.15 | E50: 29 | F50: 1.05 | G50: 29 | R50: =IFERROR(IF(AND(ISNUMBER(INDEX($D50:$Q50,MATCH($B$3,$D$4:$Q$4,0))),ISNUMBER(INDEX($D50:$Q50,MATCH($B$3,$D$4:$Q$4,0)-2))),INDEX($D50:$Q50,MATCH($B$3,$D$4:$Q$4,0))-INDEX($D50:$Q50,MATCH($B$3,$D$4:$Q$4,0)-2),""),"") | S50: =IFERROR(IF(AND(ISNUMBER(INDEX($D50:$Q50,MATCH($B$3,$D$4:$Q$4,0)+1)),ISNUMBER(INDEX($D50:$Q50,MATCH($B$3,$D$4:$Q$4,0)-1))),INDEX($D50:$Q50,MATCH($B$3,$D$4:$Q$4,0)+1)-INDEX($D50:$Q50,MATCH($B$3,$D$4:$Q$4,0)-1),""),"") | T50: =IFERROR(IF(S50="","",IF(AND(INDEX($D50:$Q50,MATCH($B$3,$D$4:$Q$4,0)+1)=0,INDEX($D50:$Q50,MATCH($B$3,$D$4:$Q$4,0)-1)>0),"WENT TO ZERO",IF(AND(INDEX($D50:$Q50,MATCH($B$3,$D$4:$Q$4,0)-1)=0,INDEX($D50:$Q50,MATCH($B$3,$D$4:$Q$4,0)+1)>0),"NEW ENTRY",IF(INDEX($D50:$Q50,MATCH($B$3,$D$4:$Q$4,0)-1)=0,"absent",IF(S50/INDEX($D50:$Q50,MATCH($B$3,$D$4:$Q$4,0)-1)<-0.2,"FREQUENCY LOSS",IF(AND(R50<-0.1,S50>=0),"WIN",IF(R50>0.1,"LOSS",IF(S50/INDEX($D50:$Q50,MATCH($B$3,$D$4:$Q$4,0)-1)>0.2,"FREQUENCY GAIN","hold")))))))),"")
... A80: surgical tech school near me | B80: Surgical tech | C80: Google AI Overview | D80: 1 | E80: 27 | F80: 1 | G80: 20 | R80: =IFERROR(IF(AND(ISNUMBER(INDEX($D80:$Q80,MATCH($B$3,$D$4:$Q$4,0))),ISNUMBER(INDEX($D80:$Q80,MATCH($B$3,$D$4:$Q$4,0)-2))),INDEX($D80:$Q80,MATCH($B$3,$D$4:$Q$4,0))-INDEX($D80:$Q80,MATCH($B$3,$D$4:$Q$4,0)-2),""),"") | S80: =IFERROR(IF(AND(ISNUMBER(INDEX($D80:$Q80,MATCH($B$3,$D$4:$Q$4,0)+1)),ISNUMBER(INDEX($D80:$Q80,MATCH($B$3,$D$4:$Q$4,0)-1))),INDEX($D80:$Q80,MATCH($B$3,$D$4:$Q$4,0)+1)-INDEX($D80:$Q80,MATCH($B$3,$D$4:$Q$4,0)-1),""),"") | T80: =IFERROR(IF(S80="","",IF(AND(INDEX($D80:$Q80,MATCH($B$3,$D$4:$Q$4,0)+1)=0,INDEX($D80:$Q80,MATCH($B$3,$D$4:$Q$4,0)-1)>0),"WENT TO ZERO",IF(AND(INDEX($D80:$Q80,MATCH($B$3,$D$4:$Q$4,0)-1)=0,INDEX($D80:$Q80,MATCH($B$3,$D$4:$Q$4,0)+1)>0),"NEW ENTRY",IF(INDEX($D80:$Q80,MATCH($B$3,$D$4:$Q$4,0)-1)=0,"absent",IF(S80/INDEX($D80:$Q80,MATCH($B$3,$D$4:$Q$4,0)-1)<-0.2,"FREQUENCY LOSS",IF(AND(R80<-0.1,S80>=0),"WIN",IF(R80>0.1,"LOSS",IF(S80/INDEX($D80:$Q80,MATCH($B$3,$D$4:$Q$4,0)-1)>0.2,"FREQUENCY GAIN","hold")))))))),"")
A82: MODEL SUMMARY — days with mention and days-weighted avg. position
A83: Model | B83: Days Jun | C83: Days Jul | D83: Δ % | E83: Wtd pos Jun | F83: Wtd pos Jul | G83: Δ pos
A84: ChatGPT | B84: 651 | C84: 652 | D84: =C84/B84-1 | E84: 1.4 | F84: 1.19 | G84: =F84-E84
A85: Gemini | B85: 753 | C85: 738 | D85: =C85/B85-1 | E85: 1.23 | F85: 1.14 | G85: =F85-E85
A86: Google AI Overview | B86: 442 | C86: 478 | D86: =C86/B86-1 | E86: 1.62 | F86: 1.27 | G86: =F86-E86
A87: ALL MODELS | B87: 1846 | C87: 1868 | D87: =C87/B87-1 | E87: 1.38 | F87: 1.19 | G87: =F87-E87
A88: Δ pos negative = improvement. Every model improved position; only Gemini lost frequency.
A90: WHAT JULY ACTUALLY SAYS (all 3 models)
A91: Total days with mention 1,846 > 1,868 (+1.2%). That reproduces the UI's 'Responses with mentions 1,868 +22' card exactly — this workbook now checks the tool.
A92: Blended days-weighted position 1.38 > 1.19. The UI card reads 1.2 with '+0.2' in green — so Semrush shows the MAGNITUDE of improvement as a positive. Do not copy that sign into the deck without explaining it.
A93: GOOGLE AI OVERVIEWS IS THE WIN. Days +8.1% (442>478) and position 1.625>1.272 — the largest gain of any model.
A94: The June deck called AI Overviews 'lagging' and recommended SEO/AEO fixes. This is that recommendation paying off. Say so.
A95: Gemini is the only model losing frequency (753>738, -2.0%) but still holds the best position (1.141) and the most days. Watch, don't alarm.
A96: ChatGPT essentially flat: 651>652 (+0.2%), position 1.395>1.187.
A97: ONLINE CLUSTER, corrected for all models: 436 > 432 days (-1%) vs non-online 1410 > 1436 (+2%).
A98: Softer than the ChatGPT-only read suggested (-4%). Real but modest: a 3-point gap against the rest of the set.
A99: Split by model: ChatGPT -4%, Gemini -4%, Google AI Overview +8%.
A100: STRUCTURAL GAP: 'pharmacy technician program' has never appeared in Google AI Overviews — 0 days in both June and July, while sitting at position 1.00 on ChatGPT and Gemini.
... A102: 'cna classes near me' entered Google AI Overviews at position 1.00 for 8 days, from zero in June.

Sheet Product Rankings
A1: Program-level mentions — Prompt Tracking > Rankings > Product Rankings
A2: The institution is being named MORE while almost every individual program is named LESS. That is the report's sharpest finding and it points straight at program-page content.
A4: Product / Program | B4: Mentions Jul | C4: Mentions Jun | D4: Δ | E4: SoV Jul | F4: SoV Jun | G4: Δ SoV (pp)
A5: Cedar Valley Technical College | B5: 1712 | C5: 1631 | D5: =B5-C5 | E5: 0.634 | F5: 0.601 | G5: =E5-F5
A6: Medical Coding Program | B6: 49 | C6: 61 | D6: =B6-C6 | E6: 0.02 | F6: 0.02 | G6: =E6-F6
A7: Associate Degree in Surgical Technology | B7: 44 | C7: 58 | D7: =B7-C7 | E7: 0.02
A8: HVAC Program | B8: 33 | C8: 38 | D8: =B8-C8 | E8: 0.02
A9: AAS in Veterinary Technology | B9: 29 | C9: 18 | D9: =B9-C9 | E9: 0.02 | F9: 0.01 | G9: =E9-F9
A10: Phlebotomy Program | B10: 23 | C10: 31 | D10: =B10-C10 | E10: 0.02 | F10: 0.02 | G10: =E10-F10
A11: Pharmacy Technician | B11: 18 | C11: 20 | D11: =B11-C11 | E11: 0.01 | F11: 0.01 | G11: =E11-F11
A12: Practical Nursing (LPN) Program | B12: 17 | C12: 27 | D12: =B12-C12 | E12: 0.02 | F12: 0.02 | G12: =E12-F12
A13: Nursing Assistant I Program | B13: 15 | C13: 19 | D13: =B13-C13 | E13: 0.01 | F13: 0.01 | G13: =E13-F13
A14: Sterile Processing Technician (Certificate) | B14: 12 | C14: 20 | D14: =B14-C14 | E14: 0.01 | F14: 0.01 | G14: =E14-F14
A16: Brand mentions +81 and share of voice 60.1% > 63.4%. Of the nine named programs, eight declined. Only AAS in Veterinary Technology grew (+11).
A17: Surgical tech is the loudest signal: Surgical Technology -14 and Sterile Processing -8, while three surgical tech prompts still hold position 1. Ranked well, mentioned less.
A18: 128 products tracked in total; this is the top 10. Export the full table for the program-level slide.

Sheet Monthly Pull Checklist
A1: Monthly production checklist — Semrush Enterprise AIO
A2: Nav paths verified against the live Enterprise AIO instance 8/2/26. This is a different product from the standard Semrush AI Visibility Toolkit — there is no 'Brand Performance' screen here.
A3: DO NOT USE 'Share PDF'. On 8/2 it returned a trailing-30-day window (Jul 4 - Aug 2) instead of the selected July calendar month, and every count came back wrong. Screenshot the cards; use the per-widget export arrow for tabular data.
A4: Set BOTH filters before you pull anything: date = the calendar month, Country = US. Worldwide pulls Colombian and other irrelevant markets into the topic table.
A5: SCOPE TRAP: AI Visibility is DOMAIN-scoped (cedarvalleytech.example) and has no prompt list. Prompt Tracking and Traffic Analysis are PROJECT-scoped — the header must read 'Agency / Cedar Valley Tech'. The two sections report different universes and will never reconcile exactly.
A6: # | B6: Step | C6: Exact nav path in AIO | D6: Deck slide it feeds | E6: Min | F6: Done
A7: SETUP (5 min)
A8: 1 | B8: Duplicate last month's deck; move the prior-month appendix into the archive deck | C8: Google Drive | D8: Whole deck | E8: 5 | F8: ✓ 8/2
A9: AI VISIBILITY — the all-topic picture (20 min)
A10: 3 | B10: Set domain = cedarvalleytech.example, All Models, Country = US, month = the reporting month | C10: AI Visibility > Visibility Overview | D10: — | E10: 3 | F10: ✓ 8/2
A11: 4 | B11: Screenshot the 4 KPI cards: AI Visibility, Mentions, Monthly Audience, Cited Pages | C11: AI Visibility > Visibility Overview | D11: Visibility Overview | E11: 3 | F11: ✓ 8/2 US
A12: 5 | B12: Screenshot Mentions by Model bar chart + the Mentions/Visibility/Audience trend line | C12: AI Visibility > Visibility Overview | D12: Visibility Overview | E12: 4 | F12: ✓ 8/2 US
A13: 6 | B13: Export Performing Topics and Topic Opportunities (export arrow, top right of table) | C13: AI Visibility > Visibility Overview > tabs | D13: Topic slides | E13: 5
A14: 7 | B14: Note where competitors are beating you across the topic set | C14: AI Visibility > Competitor Research | D14: Recommendations | E14: 5
A15: PROMPT TRACKING — the managed prompt set (35 min)
A16: 9 | B16: Set Previous month + Compare to: Preceding period. Screenshot the 6 KPI cards ONCE PER MODEL (ChatGPT, Gemini, Google AI Overview) — the cards are model-filtered | C16: Prompt Tracking > Overview | D16: Prompt Ranking | E16: 10 | F16: ChatGPT only
A17: 10 | B17: Screenshot Performance by Model, Brand Leaderboard, Most Cited Sources | C17: Prompt Tracking > Overview | D17: Prompt Ranking / Sources | E17: 5 | F17: ✓ 8/2
A18: 11 | B18: Export the full prompt-level table — THIS IS WHERE THE 25 TRACKED PROMPTS LIVE. Project scope must be 'Cedar Valley Tech' in the top-left selector, not the bare agency account | C18: Prompt Tracking > Rankings | D18: All prompt tables + gains/losses | E18: 10
A19: 12 | B19: Export the source table; note reddit.com and any non-owned domain outranking you | C19: Prompt Tracking > Sources | D19: New source slide | E19: 5
A20: 13 | B20: Export Top Concepts with positive/negative sentiment split | C20: Prompt Tracking > Concepts and Sentiment | D20: New sentiment slide | E20: 5
A21: TRAFFIC (25 min)
A22: 15 | B22: Set Previous month + Compare to: Preceding period. Screenshot the 4 KPI cards (Traffic, Conversions, Revenue, Bounce Rate), Traffic by Model and Traffic by Host | C22: Traffic Analysis > AI Referral Traffic (GA) | D22: Traffic Reporting | E22: 6 | F22: ✓ 8/2
A23: 16 | B23: Export Landing Page Performance (AI) — AI sessions and AI conversions per URL, split by model. 276 rows in July | C23: Traffic Analysis > AI Referral Traffic (GA) | D23: Traffic Reporting | E23: 6 | F23: REDO
A24: 17 | B24: Screenshot Traffic over Time (Last 6 months, Month). NOTE: the current month renders as a near-zero cliff until it completes — crop it or explain it | C24: Traffic Analysis > AI Referral Traffic (GA) | D24: Traffic Reporting | E24: 4
A25: LOAD + ANALYSE (45 min)
A26: 19 | B26: Paste every figure into the Metrics tab; paste the Rankings export into Prompt Tracking | C26: This workbook | D26: — | E26: 15
A27: 20 | B27: Read the Deltas tab. Reconcile the all-topic trend against the tracked-prompt trend — when they diverge, that divergence IS the headline | C27: This workbook | D27: The Headlines | E27: 10
A28: 21 | B28: Sort Prompt Tracking by Status for wins, losses, drop-outs and new entries (agency contact, 7/22) | C28: This workbook | D28: Notable Gains / Losses | E28: 10
A29: 22 | B29: Log anything that breaks month-over-month comparability | C29: Change Log tab | D29: Footnote | E29: 5
A30: 23 | B30: Draft 5-7 headline bullets | C30: — | D30: The Headlines | E30: 5
A31: BUILD (60 min)
A32: 25 | B32: Reshow the tracked prompt list up front as a discussion point (agency contact, 7/22) | C32: Prompt Tracking tab | D32: New slide 2 | E32: 10
A33: 26 | B33: Update all chart images and data callouts | C33: — | D33: All data slides | E33: 25
A34: 27 | B34: Write recommendations, each tied to a specific decline or gap | C34: — | D34: Recommended Optimizations | E34: 20
A35: 28 | B35: Update Ongoing Optimizations and Looking Ahead | C35: — | D35: Final section | E35: 5
A36: QA (20 min)
A37: 30 | B37: Verify every number in the deck against the Metrics tab | C37: This workbook | D37: All | E37: 8
A38: 31 | B38: Direction check: position DOWN = better. Bounce rate UP = worse. Never group them under 'up' | C38: — | D38: All | E38: 4
A39: 32 | B39: Confirm every stated metric names its model and its comparison basis | C39: — | D39: All | E39: 5
A40: 33 | B40: Confirm the reporting period on the cover matches what you actually pulled | C40: — | D40: Cover | E40: 3
B42: TOTAL (minutes) | E42: =SUM(E7:E40)
B43: TOTAL (hours) | E43: =E42/60
B45: Excludes the two 30-min meetings. Month one runs well past this — you are learning the tool, resolving the conversion definition and backfilling this workbook.

Sheet Change Log
A1: Platform & methodology change log
A2: The SOW obliges you to identify platform changes and explain their significance to the agency and the client. This is that record — and your defence when a metric moves for a reason that is not performance.
A4: Date | B4: What changed | C4: Source | D4: Effect on this report | E4: Comparability broken?
A5: 2026-05-07 | B5: Google stopped showing FAQ rich results. Search appearance, rich result report and Rich Results Test support dropped June 2026. Google: unused structured data causes no problems and FAQPage remains a valid Schema.org type. | C5: Google Search Central via Search Engine Journal | D5: Reframes the June recommendation 'Add FAQ schema to program pages'. Keep the markup — it is now a machine-parseability play for LLM extraction, not a SERP real-estate play. | E5: No
A6: 2026-05-07 | B6: Semrush Enterprise AIO added Reddit source tracking and negative sentiment analysis. | C6: Semrush product releases | D6: Two new metrics available that no prior report contains. Strong candidate for the new-data obligation in the SOW. | E6: No — additive
A7: 2026-05-14 | B7: Semrush AI Visibility database expanded to 32 countries / 17 new regional markets; prompt database grew to 261M+ prompts. | C7: Semrush product releases | D7: VERIFY: a larger prompt universe can shift the denominator behind the proprietary AI Visibility score. Check whether the score's basis changed before presenting any MoM move as performance. | E7: VERIFY
A8: 2026-06-11 | B8: Traffic Insights added to Traffic Analytics — flags competitor traffic swings and causes. | C8: Semrush product releases | D8: Possible future slide: benchmark the client against peer community colleges. | E8: No
A9: 2026-06-26 | B9: Semrush published the 2026 AI Visibility Index — 126M US prompts, Jan–Apr 2026. ChatGPT cites ~15 sources per response; Gemini cites ~3. 22 industries benchmarked; higher ed not among them. | C9: Semrush news | D9: Explains the central tension in the June deck — AI Overviews drives visibility while ChatGPT drives traffic. Citation density is why. Use as the insight on the traffic slide. | E9: No
A10: 2026-08-02 | B10: AIO 'Share PDF' export ignores the selected date filter. With 'Previous month' (Jul 1-31) set on screen, the PDF returned Jul 4 - Aug 2 — a trailing 30 days from the export date. Every count differed: brand mentioned 652 vs 631, domain cited 471 vs 452, Gemini mentions 738 vs 712. | C10: Observed in the agency's instance | D10: Never source deck figures from the PDF export. Screenshot the cards; use the per-widget export arrow for tables. | E10: N/A — tool bug
A11: 2026-08-02 | B11: Prompt Tracking KPI cards are model-filtered. The July pull was taken with ChatGPT selected, so SoV 73% / Brand Visibility 83% / Source Visibility 63% are ChatGPT-only, not blended. | C11: Observed in the agency's instance | D11: Every visibility figure in the deck must name its model. Prior decks reported single numbers with no model stated. | E11: VERIFY prior months
A12: 2026-08-02 | B12: AI Visibility pulled on Country = Worldwide, which admits irrelevant markets — a Colombian row appears in the July Performing Topics table. | C12: Observed in the agency's instance | D12: Re-pull with Country = US before comparing July's AI Visibility score of 25 to the 41 reported in Mar and May. | E12: VERIFY
A13: 2026-08-02 | B13: GA4 key events are concentrated on one page: 7,912 of 10,690 site-wide (74%) fire on /apply/steps-to-apply/ at 0.88 per view. | C13: GA4 Pages and screens export, Jul 1-31 | D13: A 0.88 events-per-view rate is a page-level trigger, not an application submit. If the deck's 'conversions' = key events, the metric is a page-view proxy and the June deck's +111% needs re-reading. Answers the agency contact's 7/22 question. | E13: VERIFY
A14: 2026-08-02 | B14: AI Visibility on Country=US returns 34 for July; the same pull on Worldwide returns 22. Performing topics: 397 US vs 512 Worldwide. | C14: Observed in the agency's instance | D14: Always pull US. The Worldwide figure is not comparable to the 39 reported in March and May. Confirm which country setting those earlier reports used. | E14: VERIFY prior months
A15: 2026-08-02 | B15: AI conversions exceed AI sessions on /apply/apply-now/ — 47 conversions on 26 sessions. | C15: Traffic Analysis > AI Referral Traffic (GA), Landing Page Performance, Jul 1-31 | D15: Definitive: the conversion event fires more than once per session. The metric counts events, not applicants. Report it as 'conversion events' with a footnote, or suppress it until the GA4 event is redefined. | E15: YES
... A18: 2026-08-02 | B18: Prompt Rankings CSV export silently dropped two of three selected models. The UI filter showed Google AI Overview + ChatGPT + Gemini and the table paginated 149 rows, but the first export returned 50 ChatGPT-only rows. A second export returned all 149. | C18: Observed in the agency's instance | D18: Check the Model column and the row count of every export before using it. 25 prompts x 3 models x 2 periods should be 150 rows. | E18: N/A — tool bug
